ID,V_fMag,V_fPhase,I_fMag,I_fPhase,Power_fW,Power_fVar,Power_fVa,Power_fPf,Power_fQ,Freq,Year,Seconds_of_Year,
1,25.7545,0.0,0.121218,0.0,-0.005787,0.022591,0.149752,0.016671,-0.035119,60.3049,2018,20905460,
2,25.7591,0.0,-0.555359,0.0,-0.005224,0.30007,0.300892,0.257256,-0.057158,58.5652,2018,20905461,
3,25.7633,0.0,-0.977377,0.0,-0.005175,0.050532,0.061384,0.041174,-0.167922,60.2161,2018,20905462,
4,25.7675,0.0,-0.95109,0.0,-0.005541,0.075626,0.07604,0.062724,-0.109225,60.1015,2018,20905463,
5,25.7715,0.0,-0.583336,0.0,-0.005685,-0.146876,0.281731,-0.130041,-0.024025,60.6516,2018,20905464,
6,25.7758,0.0,-0.721594,0.0,-0.005476,0.135927,0.193759,0.114978,-0.032443,59.5308,2018,20905465,
7,22.2991,0.0,0.392581,0.0,-0.003425,0.098902,0.118932,0.083939,-0.036162,60.3253,2018,0,
8,22.3016,0.0,-1.40286,0.0,-0.002955,0.15978,0.186539,0.136896,-0.022758,59.9463,2018,0,
9,22.3049,0.0,-1.33662,0.0,-0.003599,0.10751,0.207161,0.091307,-0.009569,60.8912,2018,0,
10,22.3075,0.0,-0.307307,0.0,-0.002765,-0.043693,0.206648,-0.039222,-0.010066,59.1163,2018,0,
11,22.3108,0.0,0.123583,0.0,-0.002908,-0.236664,0.237744,-0.206411,0.011166,60.7057,2018,0,
12,22.3138,0.0,-0.300131,0.0,-0.003157,-0.034022,0.210634,-0.031042,-0.007712,59.798,2018,0,
13,22.3162,0.0,-1.44773,0.0,-0.002883,0.085922,0.160889,0.072969,-0.012227,60.5762,2018,0,
14,22.3086,0.0,-0.936135,0.0,-0.003389,-0.029072,0.068764,-0.026872,-0.117563,60.7129,2018,0,
15,22.3116,0.0,-1.37219,0.0,-0.002752,0.118348,0.195221,0.101116,0.000302,60.0502,2018,0,
16,22.315,0.0,0.896697,0.0,-0.002792,-0.045634,0.191253,-0.040917,-0.001915,61.0787,2018,0,
17,22.3175,0.0,-1.62787,0.0,-0.002632,0.23621,0.240399,0.203247,0.005322,60.3773,2018,0,
18,22.3207,0.0,0.367861,0.0,-0.003332,-0.251894,0.263134,-0.219813,-0.003887,59.6516,2018,0,
19,22.3232,0.0,-0.30743,0.0,-0.003353,0.136762,0.153437,0.116763,-0.011275,59.85,2018,0,
20,22.3261,0.0,-0.587777,0.0,-0.002727,0.124942,0.210956,0.106839,-0.005021,60.5996,2018,0,
21,22.3289,0.0,-0.185274,0.0,-0.00324,-0.112899,0.161526,-0.099393,-0.036368,59.919,2018,0,
22,22.331,0.0,0.717647,0.0,-0.00308,-0.123438,0.250478,-0.10844,0.001095,59.8114,2018,0,
23,22.3344,0.0,-0.894404,0.0,-0.003007,0.0234,0.156957,0.018762,-0.117661,59.9077,2018,0,
24,22.3365,0.0,-0.410784,0.0,-0.002412,0.052379,0.122645,0.044155,-0.006006,59.8688,2018,0,
25,22.3394,0.0,0.094792,0.0,-0.003647,0.06747,0.143337,0.056607,-0.02627,59.7263,2018,0,
26,22.342,0.0,-1.06537,0.0,-0.003432,0.076539,0.289865,0.064568,-0.033208,58.8922,2018,0,
27,22.3447,0.0,0.57721,0.0,-0.004041,-0.140871,0.170455,-0.124018,-0.061528,59.5579,2018,0,
28,22.3471,0.0,0.534395,0.0,-0.003375,0.047673,0.227485,0.039598,-0.001683,60.6403,2018,0,
29,22.3497,0.0,0.122223,0.0,-0.0036,0.109361,0.127377,0.092909,-0.072893,59.7835,2018,0,
30,22.3521,0.0,-0.528053,0.0,-0.003127,-0.014483,0.173521,-0.014106,-0.005631,61.0009,2018,0,
31,22.3547,0.0,0.769169,0.0,-0.00311,0.076895,0.300023,0.065038,0.005271,59.424,2018,0,
32,22.3576,0.0,-0.142219,0.0,-0.00349,-0.115942,0.152825,-0.102153,-0.041198,60.4282,2018,0,
33,22.3596,0.0,-1.29598,0.0,-0.002872,0.114428,0.284888,0.097661,0.00739,60.5035,2018,0,
34,22.3625,0.0,0.016505,0.0,-0.003127,0.046983,0.297291,0.039124,-0.001651,60.2148,2018,0,
35,22.3651,0.0,-0.259044,0.0,-0.003143,-0.153284,0.171131,-0.134319,-0.058501,60.3771,2018,0,
36,22.3681,0.0,-0.47595,0.0,-0.003893,-0.075841,0.273952,-0.067627,-0.00304,59.5514,2018,0,
37,22.37,0.0,-0.686909,0.0,-0.002352,-0.047042,0.084114,-0.041915,-0.144619,59.3243,2018,0,
38,22.3732,0.0,-0.602767,0.0,-0.002559,0.140028,0.269398,0.119988,0.029385,60.3274,2018,0,
39,22.3752,0.0,-0.647596,0.0,-0.002931,-0.082133,0.218472,-0.072595,-0.003844,59.3604,2018,0,
40,22.3782,0.0,-0.958243,0.0,-0.003391,-0.022166,0.252375,-0.020892,0.009922,60.4627,2018,0,
41,22.3807,0.0,0.081476,0.0,-0.002916,-0.035782,0.171526,-0.032447,-0.162415,59.9211,2018,0,
42,22.3835,0.0,-1.20631,0.0,-0.003496,0.079059,0.232279,0.066719,0.000527,60.6821,2018,0,
43,22.3859,0.0,-1.37016,0.0,-0.002629,0.274598,0.301986,0.236494,-0.000778,60.0662,2018,0,
44,22.3886,0.0,0.037174,0.0,-0.003068,-0.223736,0.255658,-0.195295,-0.002211,60.0655,2018,0,
45,22.3911,0.0,-0.912892,0.0,-0.002664,0.146157,0.228089,0.125243,0.007132,59.0997,2018,0,
46,22.3939,0.0,-0.939629,0.0,-0.003037,0.077253,0.169919,0.065384,-0.004153,60.2961,2018,0,
47,22.3966,0.0,-1.34403,0.0,-0.002973,-0.051219,0.095428,-0.045844,-0.062018,59.2827,2018,0,
48,22.3992,0.0,-0.249176,0.0,-0.003788,-0.098922,0.325254,-0.087563,-0.001709,60.191,2018,0,
49,22.4016,0.0,-1.07574,0.0,-0.003389,0.016665,0.212676,0.012738,-0.003965,60.2908,2018,0,
50,22.4039,0.0,0.083496,0.0,-0.002599,-0.121694,0.236513,-0.10669,0.028521,59.7373,2018,0,
51,22.4071,0.0,-0.681774,0.0,-0.003321,-0.21836,0.244042,-0.190766,-4.1e-05,59.9598,2018,0,
52,22.4095,0.0,0.061664,0.0,-0.00331,0.142887,0.153298,0.122089,-0.002602,59.3971,2018,0,
53,22.4121,0.0,-1.39822,0.0,-0.002455,0.13392,0.272266,0.11475,-0.000412,60.5228,2018,0,
54,22.4143,0.0,-0.801191,0.0,-0.002868,0.218921,0.218952,0.188158,0.007948,60.1335,2018,0,
55,22.4171,0.0,-1.3826,0.0,-0.003253,0.110652,0.306798,0.094201,-0.000697,58.1279,2018,0,
56,22.4201,0.0,0.320603,0.0,-0.003382,-0.000685,0.167919,-0.002284,-0.034963,58.8942,2018,0,
57,22.4229,0.0,-0.374118,0.0,-0.003297,0.020473,0.228518,0.016082,-0.009318,59.0836,2018,0,
58,22.4251,0.0,-1.48047,0.0,-0.003351,0.229328,0.24009,0.196929,-0.00367,59.7618,2018,0,
59,22.4273,0.0,-1.13466,0.0,-0.002994,0.150246,0.223134,0.12862,-0.007039,60.0135,2018,0,
60,22.4301,0.0,-0.350586,0.0,-0.002869,0.069198,0.178585,0.058493,-0.004206,60.3281,2018,0,
61,22.4324,0.0,-0.787543,0.0,-0.002516,0.074826,0.299119,0.063544,0.001782,59.5561,2018,0,
62,22.4354,0.0,-0.33907,0.0,-0.003217,-0.054384,0.239672,-0.048706,-0.003485,60.3883,2018,0,
63,22.4382,0.0,-1.01751,0.0,-0.003777,-0.109431,0.137843,-0.096658,-0.0163,58.7977,2018,0,
64,22.4409,0.0,0.300288,0.0,-0.003173,-0.156653,0.174185,-0.137252,-0.020718,59.9881,2018,0,
65,22.4431,0.0,-0.761637,0.0,-0.002906,-0.256459,0.299112,-0.223553,0.001214,60.4963,2018,0,
66,22.4454,0.0,0.616898,0.0,-0.002789,-0.025104,0.198141,-0.023135,-0.00422,59.789,2018,0,
67,22.4486,0.0,0.095511,0.0,-0.00345,-0.070514,0.191699,-0.062792,-0.006694,60.2481,2018,0,
68,22.4513,0.0,-0.565573,0.0,-0.003334,0.033273,0.21822,0.027148,-0.045856,59.6084,2018,0,
69,22.4546,0.0,-1.30014,0.0,-0.003613,0.100499,0.323455,0.085228,-0.002328,59.7078,2018,0,
70,22.4572,0.0,-0.466326,0.0,-0.003388,-0.138291,0.288366,-0.121457,-0.002254,59.628,2018,0,
71,22.4593,0.0,0.258893,0.0,-0.003618,0.015391,0.177183,0.01152,-0.00584,59.8987,2018,0,
72,22.4619,0.0,-0.41417,0.0,-0.00318,-0.067797,0.237666,-0.060304,-0.007003,60.4727,2018,0,
73,22.4645,0.0,0.168479,0.0,-0.003042,-0.012615,0.203595,-0.012446,-0.082849,59.9805,2018,0,
74,22.4672,0.0,-0.434921,0.0,-0.003215,0.054631,0.304853,0.045704,-0.004379,60.0876,2018,0,
75,22.47,0.0,-0.121877,0.0,-0.00274,0.073498,0.188543,0.062281,0.002406,60.5828,2018,0,
76,22.4724,0.0,-0.318943,0.0,-0.002691,0.044119,0.236585,0.036863,-0.001295,60.1213,2018,0,
77,22.4754,0.0,-1.40891,0.0,-0.003127,0.083948,0.15438,0.071138,-0.033389,60.3865,2018,0,
78,22.4777,0.0,-0.749327,0.0,-0.002326,0.089448,0.172662,0.076301,0.006332,59.3574,2018,0,
79,22.4807,0.0,-0.937296,0.0,-0.002854,0.24492,0.264895,0.21068,0.019258,59.4262,2018,0,
80,22.4834,0.0,0.673369,0.0,-0.003252,0.057162,0.253577,0.047878,0.019679,60.0782,2018,0,
81,22.4866,0.0,-0.600936,0.0,-0.003523,0.077965,0.186334,0.065758,-0.011064,59.0984,2018,0,
82,22.4892,0.0,-1.72586,0.0,-0.0029,0.037161,0.242759,0.030733,-0.007595,60.506,2018,0,
83,22.4913,0.0,-0.547429,0.0,-0.003084,-0.094999,0.280611,-0.083814,-0.004317,60.8039,2018,0,
84,22.4941,0.0,0.11971,0.0,-0.003164,-0.170515,0.240579,-0.149252,-0.001469,58.9086,2018,0,
85,22.4971,0.0,-0.14094,0.0,-0.003129,-0.053929,0.163585,-0.048269,-0.005937,59.8241,2018,0,
86,22.5,0.0,-1.31659,0.0,-0.003446,-0.043559,0.248674,-0.039446,-0.005945,60.691,2018,0,
87,22.5026,0.0,-0.222868,0.0,-0.003007,-0.073037,0.104845,-0.064755,-0.0178,59.3126,2018,0,
88,22.5052,0.0,0.415463,0.0,-0.002442,-0.062868,0.175532,-0.055666,0.07925,59.7419,2018,0,
89,22.5077,0.0,0.328295,0.0,-0.002998,-0.048692,0.109856,-0.043668,-0.042468,61.5512,2018,0,
90,22.5106,0.0,-0.172499,0.0,-0.003524,-0.094262,0.333999,-0.083395,-0.002191,59.4696,2018,0,
91,22.5135,0.0,0.158442,0.0,-0.002959,0.062515,0.178124,0.05266,-0.006241,60.0686,2018,0,
92,24.0532,0.0,-0.238748,0.0,-0.003693,0.027359,0.110942,0.021848,-0.051674,59.8137,2018,0,
93,24.0569,0.0,-0.192808,0.0,-0.003511,0.047739,0.263461,0.039588,-0.030395,59.3001,2018,0,
94,24.0603,0.0,0.909229,0.0,-0.00366,0.065481,0.277299,0.054878,-0.009103,58.4618,2018,0,
95,24.0647,0.0,-0.374494,0.0,-0.00383,0.21091,0.211126,0.180738,-0.069014,60.0568,2018,0,
96,24.0674,0.0,-0.520138,0.0,-0.003393,0.036454,0.071956,0.029874,-0.058514,59.9425,2018,0,
97,24.0721,0.0,-1.32428,0.0,-0.004168,0.0404,0.143542,0.032904,-0.084682,59.4002,2018,0,
98,24.0754,0.0,-1.57585,0.0,-0.003854,0.031699,0.133829,0.025525,-0.024224,60.1759,2018,0,
99,24.079,0.0,-1.45431,0.0,-0.00354,0.282702,0.288963,0.243057,-0.009983,59.4264,2018,0,
100,24.0831,0.0,0.2863,0.0,-0.00389,-0.020146,0.190427,-0.019392,-0.008003,60.0106,2018,0,
101,24.0866,0.0,-0.272945,0.0,-0.003206,0.144068,0.158625,0.123163,-0.088785,59.923,2018,0,
102,24.0898,0.0,-1.28581,0.0,-0.004313,0.083117,0.232231,0.069825,-0.010806,60.2339,2018,0,
103,24.0935,0.0,-1.17065,0.0,-0.004176,0.130616,0.242283,0.111029,-0.011612,60.8577,2018,0,
104,24.0975,0.0,-1.01283,0.0,-0.003943,0.094179,0.122448,0.07959,-0.131253,60.352,2018,0,
105,24.1011,0.0,-0.448858,0.0,-0.00317,0.21395,0.220677,0.183701,-0.023704,60.0175,2018,0,
106,24.1046,0.0,0.138306,0.0,-0.003575,0.319446,0.333786,0.274861,-0.008863,60.3453,2018,0,
107,24.1086,0.0,-0.35974,0.0,-0.003753,0.179467,0.194821,0.153547,-0.067417,59.4657,2018,0,
108,24.1125,0.0,-0.056075,0.0,-0.003731,0.050313,0.14745,0.041707,-0.00985,59.1387,2018,0,
109,24.116,0.0,-0.024274,0.0,-0.003835,0.08527,0.286689,0.071928,-0.011968,59.5486,2018,0,
110,24.1197,0.0,0.203817,0.0,-0.003051,0.072503,0.207288,0.061264,-0.01082,59.7811,2018,0,
111,24.1236,0.0,-0.774546,0.0,-0.003813,0.14914,0.286062,0.127253,-0.015943,61.4576,2018,0,
112,24.1271,0.0,-1.39495,0.0,-0.004357,0.17526,0.242015,0.149601,-0.019419,59.9999,2018,0,
113,24.1306,0.0,-1.40685,0.0,-0.003926,0.020921,0.205152,0.016155,-0.032871,59.5706,2018,0,
114,24.1346,0.0,-0.597352,0.0,-0.003988,-0.055436,0.215789,-0.050003,-0.01929,60.1174,2018,0,
115,24.138,0.0,-1.25298,0.0,-0.004078,0.091556,0.17993,0.07725,-0.035729,59.6303,2018,0,
116,24.1417,0.0,-0.125679,0.0,-0.003384,0.119085,0.269835,0.101439,-0.010693,60.1677,2018,0,
117,24.1454,0.0,0.504713,0.0,-0.003938,0.073116,0.303209,0.061351,-0.023343,60.1309,2018,0,
118,24.1493,0.0,-0.988919,0.0,-0.003729,0.114955,0.225204,0.09769,-0.012385,60.936,2018,0,
119,24.1528,0.0,-0.871726,0.0,-0.003798,0.131336,0.295716,0.111842,-0.010116,60.96,2018,0,
120,24.1567,0.0,-0.031613,0.0,-0.004064,-0.019813,0.220274,-0.01919,-0.039177,58.9382,2018,0,
121,24.1608,0.0,-0.291992,0.0,-0.00394,0.113838,0.299904,0.096616,0.03036,59.9889,2018,0,
122,24.1642,0.0,-0.981669,0.0,-0.004409,0.026515,0.109347,0.020758,-0.055756,60.1062,2018,0,
123,24.168,0.0,-1.04331,0.0,-0.003635,0.189322,0.200953,0.16214,-0.034927,61.9153,2018,0,
124,24.1714,0.0,-1.56429,0.0,-0.004102,0.080756,0.23745,0.067885,-0.025605,60.5461,2018,0,
125,24.1747,0.0,-1.49135,0.0,-0.00343,0.240116,0.245451,0.206231,-0.039685,60.3349,2018,0,
126,24.1793,0.0,-0.069628,0.0,-0.003589,0.23326,0.250408,0.200215,-0.017557,59.2727,2018,0,
127,24.1826,0.0,-0.95455,0.0,-0.003775,-0.085615,0.128203,-0.076033,-0.079141,59.7947,2018,0,
128,24.1865,0.0,-0.506762,0.0,-0.004121,-0.04294,0.108965,-0.039247,-0.03787,59.3308,2018,0,
129,24.19,0.0,-0.728654,0.0,-0.003706,0.24215,0.249825,0.207855,-0.01864,59.1285,2018,0,
130,24.1936,0.0,-1.78207,0.0,-0.004065,0.013091,0.199732,0.009305,-0.030967,60.0297,2018,0,
131,24.1969,0.0,-1.39539,0.0,-0.003978,0.082114,0.266414,0.069123,-0.017432,59.6546,2018,0,
132,24.2011,0.0,-1.01888,0.0,-0.003854,0.10233,0.106424,0.086693,-0.041937,60.7088,2018,0,
133,24.2039,0.0,-1.14006,0.0,-0.00385,0.247329,0.261534,0.212269,-0.010939,59.4433,2018,0,
134,24.2085,0.0,-0.714909,0.0,-0.003594,0.250198,0.250235,0.214881,-0.024066,59.0069,2018,0,
135,24.212,0.0,-1.90579,0.0,-0.004034,-0.061426,0.296489,-0.055213,-0.015781,60.1547,2018,0,
136,24.2152,0.0,0.251461,0.0,-0.004153,0.136253,0.226917,0.115922,-0.014107,60.9249,2018,0,
137,24.2195,0.0,-1.08079,0.0,-0.004462,0.145316,0.145417,0.123616,-0.047476,60.4053,2018,0,
138,24.2232,0.0,-0.666089,0.0,-0.003344,0.130531,0.23014,0.111371,-0.009816,59.6862,2018,0,
139,24.227,0.0,-0.752384,0.0,-0.003776,0.127628,0.201258,0.108641,-0.026147,60.39,2018,0,
140,24.2307,0.0,0.635549,0.0,-0.003661,-0.097154,0.323704,-0.085968,-0.010398,59.9374,2018,0,
141,24.2343,0.0,-1.38988,0.0,-0.004221,-0.038443,0.226908,-0.035403,-0.036675,59.9901,2018,0,
142,24.2381,0.0,0.501027,0.0,-0.003642,0.294707,0.327657,0.253403,-0.012426,60.7541,2018,0,
143,24.2422,0.0,-1.03048,0.0,-0.003945,0.143398,0.229179,0.122213,-0.015081,60.6622,2018,0,
144,24.2451,0.0,0.19773,0.0,-0.0034,0.107549,0.123168,0.09144,-0.021215,59.7756,2018,0,
145,24.2492,0.0,0.510847,0.0,-0.003388,-0.029715,0.208127,-0.027428,-0.021638,60.3946,2018,0,
146,24.2533,0.0,-0.658723,0.0,-0.004281,0.214586,0.214637,0.183697,-0.01448,60.6595,2018,0,
147,24.2564,0.0,-0.618394,0.0,-0.004005,0.028609,0.239877,0.022774,-0.019853,59.6532,2018,0,
148,24.2612,0.0,-0.793224,0.0,-0.003936,-0.092921,0.286484,-0.08244,-0.015457,59.7652,2018,0,
149,24.2641,0.0,-1.49588,0.0,-0.003506,0.226739,0.227975,0.194609,-0.046882,59.8133,2018,0,
150,24.2677,0.0,0.796543,0.0,-0.003701,0.094376,0.311109,0.079881,-0.012543,59.7281,2018,0,
151,24.2719,0.0,-0.193793,0.0,-0.004632,0.14333,0.281356,0.121812,-0.119482,59.7506,2018,0,
152,24.2756,0.0,0.215013,0.0,-0.003389,0.015678,0.141272,0.011883,-0.04058,59.6427,2018,0,
153,24.2794,0.0,-0.675093,0.0,-0.003601,0.145142,0.24594,0.123897,-0.015417,60.2126,2018,0,
154,24.2832,0.0,-0.6108,0.0,-0.003275,0.268926,0.270173,0.231259,-0.053142,59.5937,2018,0,
155,24.2872,0.0,-1.12031,0.0,-0.003682,0.130654,0.312423,0.111308,-0.010643,60.0908,2018,0,
156,24.2898,0.0,-0.538582,0.0,-0.003112,0.19161,0.200669,0.164383,-0.035601,60.0813,2018,0,
157,24.2951,0.0,-1.04829,0.0,-0.004728,0.009889,0.120752,0.0062,-0.053321,60.013,2018,0,
158,24.2977,0.0,-1.40211,0.0,-0.003446,0.128274,0.139715,0.109366,-0.032558,60.0756,2018,0,
159,24.3019,0.0,-0.522466,0.0,-0.003899,0.185679,0.217688,0.158853,-0.018221,59.5474,2018,0,
160,24.3052,0.0,-0.453813,0.0,-0.003966,0.077873,0.139038,0.065457,-0.071964,60.7385,2018,0,
161,24.3091,0.0,-0.289257,0.0,-0.003576,0.045935,0.241997,0.037993,-0.013674,59.1708,2018,0,
162,24.313,0.0,-1.59837,0.0,-0.003886,0.051723,0.242092,0.04285,-0.031294,60.3666,2018,0,
163,24.3168,0.0,-0.447583,0.0,-0.005008,-0.035249,0.160507,-0.033031,-0.038825,59.592,2018,0,
164,24.3206,0.0,-0.883618,0.0,-0.004356,0.25099,0.251033,0.215186,-0.01809,59.9217,2018,0,
165,24.3244,0.0,-0.301352,0.0,-0.004171,0.107566,0.19998,0.091069,-0.022901,60.0438,2018,0,
166,24.3283,0.0,0.136979,0.0,-0.004078,0.202037,0.219588,0.172931,-0.016825,59.973,2018,0,
167,24.3317,0.0,-0.693511,0.0,-0.003448,0.233171,0.234007,0.200208,-0.017786,60.5963,2018,0,
168,24.3353,0.0,-0.490033,0.0,-0.004011,0.316826,0.316852,0.272374,-0.014626,58.5304,2018,0,
169,24.3394,0.0,-1.40417,0.0,-0.003944,0.074815,0.178952,0.06282,-0.090677,59.738,2018,0,
170,24.3427,0.0,-1.3967,0.0,-0.003671,0.157611,0.166469,0.134659,-0.021959,59.5137,2018,0,
171,24.3469,0.0,-0.030855,0.0,-0.003575,0.030008,0.147353,0.0242,-0.028958,60.899,2018,0,
172,24.3509,0.0,-0.639436,0.0,-0.004234,0.07558,0.261023,0.063337,-0.068755,58.9578,2018,0,
173,24.3542,0.0,0.916968,0.0,-0.003181,-0.02511,0.250198,-0.023337,-0.072205,60.3489,2018,0,
174,24.3579,0.0,0.262408,0.0,-0.003687,0.094389,0.298676,0.079899,-0.010782,59.7207,2018,0,
175,24.3618,0.0,-0.256893,0.0,-0.003851,0.027874,0.236546,0.022214,-0.019074,59.4247,2018,0,
176,24.3653,0.0,-0.581561,0.0,-0.003708,0.216302,0.216366,0.18547,-0.033641,60.3263,2018,0,
177,24.3694,0.0,0.498937,0.0,-0.003883,0.066839,0.256415,0.055943,-0.059609,59.8989,2018,0,
178,24.3731,0.0,-0.408073,0.0,-0.004158,0.143662,0.269444,0.122335,-0.011462,59.1614,2018,0,
179,24.377,0.0,-0.805245,0.0,-0.004051,0.046593,0.124166,0.038325,-0.051385,60.4371,2018,0,
180,24.3803,0.0,-0.758529,0.0,-0.003558,0.105687,0.137008,0.089748,-0.054987,60.2632,2018,0,
181,24.384,0.0,-1.57859,0.0,-0.004015,0.066675,0.227713,0.055735,-0.01532,59.7846,2018,0,
182,24.3881,0.0,-0.663257,0.0,-0.004179,0.093746,0.321612,0.079097,-0.01621,60.5147,2018,0,
183,24.3919,0.0,-1.0698,0.0,-0.004064,0.210561,0.210626,0.180319,-0.04841,59.5153,2018,0,
184,24.396,0.0,-1.06906,0.0,-0.004441,0.020786,0.202713,0.01578,-0.019199,59.9829,2018,0,
185,24.3998,0.0,-0.45709,0.0,-0.004339,0.054941,0.141044,0.045411,-0.022191,59.9809,2018,0,
186,24.4029,0.0,-1.06638,0.0,-0.003493,0.261478,0.276968,0.2247,-0.02167,59.6885,2018,0,
187,24.4072,0.0,-0.111874,0.0,-0.003804,-0.001931,0.214659,-0.003575,-0.025997,60.2592,2018,0,
188,24.411,0.0,0.086674,0.0,-0.004551,0.007428,0.12901,0.004158,-0.036104,61.1421,2018,0,
189,24.4143,0.0,-0.380981,0.0,-0.004202,0.013232,0.229248,0.009358,-0.026429,59.5137,2018,0,
190,24.4189,0.0,-0.218756,0.0,-0.004282,0.295206,0.303317,0.253515,-0.028695,60.8322,2018,0,
191,24.4223,0.0,-0.947356,0.0,-0.004424,0.118317,0.176176,0.100253,-0.058965,59.2667,2018,0,
192,24.4258,0.0,-0.34275,0.0,-0.003688,0.33333,0.333351,0.286828,-0.011055,60.2027,2018,0,
193,24.4293,0.0,-0.294358,0.0,-0.003967,-0.024954,0.186573,-0.023595,-0.019038,59.651,2018,0,
194,24.4329,0.0,-0.576316,0.0,-0.004151,0.208999,0.225798,0.178923,-0.018912,60.2443,2018,0,
195,24.437,0.0,-0.381402,0.0,-0.00412,0.081713,0.2705,0.068706,-0.013724,60.2389,2018,0,
196,24.44,0.0,-1.27367,0.0,-0.003585,0.136909,0.1527,0.116774,-0.029064,59.472,2018,0,
197,24.4447,0.0,-1.61039,0.0,-0.004323,-0.214209,0.246298,-0.187672,-0.023747,59.9695,2018,0,
198,24.4484,0.0,-0.814774,0.0,-0.004646,0.137839,0.151209,0.117049,-0.086509,60.3927,2018,0,
199,24.452,0.0,0.682417,0.0,-0.003996,-0.002684,0.221607,-0.004323,-0.1458,60.7811,2018,0,
200,24.4558,0.0,-0.213867,0.0,-0.004375,-0.002613,0.183676,-0.004451,-0.161186,59.9787,2018,0,
201,24.4594,0.0,-0.246612,0.0,-0.004021,0.241948,0.246879,0.207522,-0.02356,60.4338,2018,0,
202,24.4631,0.0,-1.47681,0.0,-0.0037,0.034621,0.214982,0.028133,-0.055151,60.0525,2018,0,
203,24.4675,0.0,0.276862,0.0,-0.004633,0.151879,0.267727,0.129214,-0.027156,60.0908,2018,0,
204,24.4711,0.0,-0.432216,0.0,-0.00383,0.282241,0.284196,0.242513,-0.030552,60.4423,2018,0,
205,24.4746,0.0,0.350298,0.0,-0.004059,0.031536,0.259078,0.025282,-0.023997,59.4947,2018,0,
206,24.4789,0.0,-0.85621,0.0,-0.004417,0.208943,0.209083,0.178741,-0.063084,59.8969,2018,0,
207,24.4818,0.0,-0.776399,0.0,-0.004374,-0.046645,0.256413,-0.042583,-0.107308,60.0908,2018,0,
208,24.4862,0.0,-0.364633,0.0,-0.00415,0.265583,0.285734,0.227927,-0.016555,59.9562,2018,0,
209,24.4898,0.0,-0.673177,0.0,-0.004214,0.215487,0.226513,0.18451,-0.022027,59.4135,2018,0,
210,24.4937,0.0,-0.773875,0.0,-0.004022,0.058257,0.269399,0.048441,-0.014172,60.0651,2018,0,
211,24.4978,0.0,-0.130439,0.0,-0.004616,0.036527,0.27748,0.029325,-0.020135,59.9717,2018,0,
212,24.5013,0.0,-1.03713,0.0,-0.004279,0.207914,0.217847,0.177919,-0.015219,60.0019,2018,0,
213,24.5052,0.0,-1.10519,0.0,-0.004127,0.267112,0.276722,0.229262,-0.014039,60.9867,2018,0,
214,24.5085,0.0,-1.59286,0.0,-0.004186,0.059061,0.193161,0.049056,-0.034775,60.3039,2018,0,
215,24.5126,0.0,-0.36893,0.0,-0.004073,-0.047862,0.282362,-0.043486,-0.020293,59.8439,2018,0,
216,24.5167,0.0,-1.27419,0.0,-0.004079,0.113502,0.217459,0.096256,-0.027744,59.4435,2018,0,
217,24.5204,0.0,-0.240655,0.0,-0.003999,0.211404,0.211448,0.181082,-0.022941,58.8748,2018,0,
218,24.5242,0.0,-0.363127,0.0,-0.004122,0.039628,0.202967,0.032257,-0.061969,60.0988,2018,0,
219,24.5278,0.0,-0.910013,0.0,-0.004004,0.125912,0.279922,0.107041,-0.012681,58.9776,2018,0,
220,24.5319,0.0,-0.540635,0.0,-0.004385,0.039501,0.136343,0.032016,-0.031283,59.9273,2018,0,
221,24.5353,0.0,0.743819,0.0,-0.003715,0.087129,0.314585,0.073598,-0.008494,59.6898,2018,0,
222,24.539,0.0,0.229711,0.0,-0.004258,0.201674,0.218979,0.172525,-0.018358,60.7277,2018,0,
223,24.5427,0.0,-0.529649,0.0,-0.003993,0.08785,0.308349,0.074084,-0.01081,59.8423,2018,0,
224,24.5467,0.0,0.553019,0.0,-0.00463,-0.093789,0.234469,-0.083539,-0.015074,59.289,2018,0,
225,24.5505,0.0,-0.998012,0.0,-0.004386,0.148846,0.15923,0.126711,-0.040165,60.0776,2018,0,
226,24.5538,0.0,0.472885,0.0,-0.004044,0.029296,0.264118,0.023349,-0.028985,60.0867,2018,0,
227,24.558,0.0,-0.161121,0.0,-0.004081,0.062698,0.155992,0.052257,-0.089261,60.2047,2018,0,
228,24.5617,0.0,-0.146065,0.0,-0.004491,0.137795,0.140868,0.117088,-0.036787,60.197,2018,0,
229,24.5652,0.0,-0.491123,0.0,-0.003934,0.119756,0.155944,0.101745,-0.042618,59.9795,2018,0,
230,24.5697,0.0,-0.852529,0.0,-0.004372,0.206019,0.220259,0.176232,-0.074224,60.1759,2018,0,
231,24.5732,0.0,-0.671452,0.0,-0.004537,0.193365,0.194299,0.16519,-0.053143,60.6004,2018,0,
232,24.5767,0.0,0.116974,0.0,-0.004037,0.060348,0.307186,0.050245,-0.011593,60.6757,2018,0,
233,24.5801,0.0,-1.55475,0.0,-0.003598,-0.144564,0.237109,-0.126995,-0.015332,59.481,2018,0,
234,24.5845,0.0,0.360038,0.0,-0.004001,0.215036,0.21693,0.184226,-0.033587,60.1706,2018,0,
235,24.5879,0.0,-0.467738,0.0,-0.003696,0.170156,0.175819,0.145511,-0.055186,59.3136,2018,0,
236,24.5919,0.0,-1.21649,0.0,-0.00359,0.208258,0.224543,0.178562,-0.013115,58.6644,2018,0,
237,24.5963,0.0,0.417127,0.0,-0.00417,0.12688,0.259847,0.107796,-0.017365,59.6644,2018,0,
238,24.5997,0.0,-0.660143,0.0,-0.004517,0.235396,0.235447,0.201601,-0.016001,59.9903,2018,0,
239,24.6039,0.0,-0.18158,0.0,-0.004249,0.129054,0.178242,0.109639,-0.056104,59.5708,2018,0,
240,24.6075,0.0,0.139824,0.0,-0.003901,0.100256,0.178049,0.084874,-0.019042,59.0736,2018,0,
241,24.6117,0.0,-0.531675,0.0,-0.004433,-0.009941,0.211524,-0.010825,-0.025965,59.9894,2018,0,
242,24.6148,0.0,-1.19281,0.0,-0.004063,0.080771,0.132703,0.067919,-0.036707,59.6304,2018,0,
243,24.6189,0.0,-0.424605,0.0,-0.003903,0.159003,0.249815,0.135749,-0.027911,59.2852,2018,0,
244,24.6227,0.0,-0.549604,0.0,-0.003908,0.080227,0.105403,0.067525,-0.274404,59.6044,2018,0,
245,24.6264,0.0,-1.23851,0.0,-0.004119,0.077123,0.198887,0.06473,-0.022831,60.0648,2018,0,
246,24.6303,0.0,-0.946128,0.0,-0.004633,0.153701,0.251203,0.130792,-0.058518,59.2281,2018,0,
247,24.6339,0.0,-0.291982,0.0,-0.004015,-0.078468,0.289588,-0.069963,-0.026664,61.6171,2018,0,
248,24.6372,0.0,-0.415204,0.0,-0.003813,0.251347,0.25965,0.215767,-0.014739,59.7162,2018,0,
249,24.6414,0.0,-0.408108,0.0,-0.004358,0.078177,0.29585,0.065524,-0.209682,59.8637,2018,0,
250,24.6451,0.0,-0.274759,0.0,-0.004135,0.159219,0.174994,0.13582,-0.035613,59.3002,2018,0,
251,24.6494,0.0,0.03178,0.0,-0.004039,0.086617,0.183159,0.072993,-0.032875,61.6091,2018,0,
252,24.6522,0.0,-0.857268,0.0,-0.003745,0.154805,0.190889,0.132193,-0.072223,59.4124,2018,0,
253,24.6565,0.0,-0.513572,0.0,-0.004479,0.149724,0.228054,0.127426,-0.023673,59.0568,2018,0,
254,24.661,0.0,-0.076911,0.0,-0.004254,0.121622,0.218647,0.103201,-0.031487,59.252,2018,0,
255,24.6643,0.0,-0.794774,0.0,-0.004097,0.201216,0.210066,0.17221,-0.054306,59.7783,2018,0,
256,24.6675,0.0,-0.979636,0.0,-0.003895,0.174219,0.175941,0.148931,-0.038025,60.126,2018,0,
257,24.6719,0.0,-0.581648,0.0,-0.004335,0.048315,0.227258,0.039675,-0.014504,59.827,2018,0,
258,24.6758,0.0,-0.286245,0.0,-0.00432,0.120809,0.194942,0.102464,-0.043262,59.6018,2018,0,
259,24.6797,0.0,-0.029426,0.0,-0.004114,-0.037453,0.244315,-0.034492,-0.014239,61.6205,2018,0,
260,24.6832,0.0,-0.437499,0.0,-0.00381,0.143329,0.231617,0.122222,-0.054544,60.7919,2018,0,
261,24.6871,0.0,-0.162201,0.0,-0.004256,-0.152452,0.203004,-0.134156,-0.030646,60.0528,2018,0,
262,24.6913,0.0,-0.596985,0.0,-0.004305,0.039807,0.242289,0.032321,-0.027217,60.0454,2018,0,
263,24.695,0.0,-0.563261,0.0,-0.004039,0.188078,0.203106,0.160861,-0.050036,61.2829,2018,0,
264,24.6987,0.0,-1.05809,0.0,-0.004686,0.12731,0.290864,0.107911,-0.025693,61.9425,2018,0,
265,24.7021,0.0,0.004736,0.0,-0.004222,0.103877,0.308182,0.087849,-0.021276,59.5904,2018,0,
266,24.7071,0.0,0.384407,0.0,-0.004049,0.152607,0.158508,0.130137,-0.111247,59.8785,2018,0,
267,24.7106,0.0,-1.75574,0.0,-0.004467,-0.210492,0.228959,-0.184525,-0.106707,60.4562,2018,0,
268,24.7141,0.0,0.39357,0.0,-0.003789,-0.056348,0.22041,-0.050693,-0.119672,60.351,2018,0,
269,24.7179,0.0,-0.353872,0.0,-0.003817,0.064948,0.181143,0.054338,-0.027731,59.4476,2018,0,
270,24.7216,0.0,-0.599278,0.0,-0.00435,0.277326,0.278713,0.237996,-0.033436,59.0495,2018,0,
271,24.7251,0.0,-1.10292,0.0,-0.004243,-0.013108,0.198476,-0.013473,-0.02563,59.5882,2018,0,
272,24.7293,0.0,-0.520366,0.0,-0.00403,0.235367,0.235423,0.201819,-0.090347,60.403,2018,0,
273,24.733,0.0,-1.09112,0.0,-0.004259,-0.117301,0.227375,-0.103715,-0.052161,60.614,2018,0,
274,24.737,0.0,-0.773971,0.0,-0.004405,0.211156,0.227292,0.180664,-0.031615,59.4003,2018,0,
275,24.7407,0.0,-0.063969,0.0,-0.004289,0.240103,0.240151,0.205791,-0.03276,59.6348,2018,0,
276,24.7445,0.0,-0.922653,0.0,-0.004005,0.288152,0.318842,0.247544,-0.028539,59.2326,2018,0,
277,24.7486,0.0,0.710752,0.0,-0.004042,0.138303,0.152143,0.117753,-0.021282,60.74,2018,0,
278,24.7525,0.0,-1.05707,0.0,-0.004402,0.260575,0.273526,0.223463,-0.057376,59.5411,2018,0,
279,24.7559,0.0,-0.51599,0.0,-0.004093,0.056557,0.258206,0.046933,-0.042531,60.3299,2018,0,
280,24.7597,0.0,-1.11101,0.0,-0.00397,0.044792,0.132446,0.036806,-0.025399,59.5148,2018,0,
281,24.7643,0.0,-0.514015,0.0,-0.004062,0.185965,0.198646,0.159019,-0.077192,59.275,2018,0,
282,24.7676,0.0,-1.03379,0.0,-0.00457,0.21782,0.227954,0.186353,-0.031068,59.6062,2018,0,
283,24.7715,0.0,1.22688,0.0,-0.004247,-0.104859,0.297978,-0.092934,-0.021659,59.3043,2018,0,
284,24.7756,0.0,-1.59054,0.0,-0.00466,-0.016676,0.22889,-0.016772,-0.071531,59.795,2018,0,
285,24.7789,0.0,-1.20512,0.0,-0.004414,-0.015846,0.223155,-0.01593,-0.024993,60.0091,2018,0,
286,24.7831,0.0,0.082973,0.0,-0.004584,0.262234,0.286294,0.224809,-0.019903,61.0853,2018,0,
287,24.7861,0.0,-0.2991,0.0,-0.004503,-0.007333,0.081585,-0.008602,-0.051105,61.3964,2018,0,
288,24.7899,0.0,-0.219846,0.0,-0.004098,0.321157,0.321185,0.276081,-0.022881,59.3358,2018,0,
289,24.7946,0.0,-0.667837,0.0,-0.00492,0.095998,0.132119,0.080677,-0.062102,59.7645,2018,0,
290,24.7984,0.0,-0.41253,0.0,-0.004302,0.025267,0.199003,0.019731,-0.037098,60.1267,2018,0,
291,24.8017,0.0,-1.1895,0.0,-0.004317,0.078946,0.152914,0.066211,-0.052144,60.4911,2018,0,
292,24.8048,0.0,-0.28913,0.0,-0.00422,-0.062856,0.241987,-0.056544,-0.015498,59.404,2018,0,
293,24.8098,0.0,-0.918445,0.0,-0.00446,0.240913,0.26712,0.206407,-0.018331,61.4065,2018,0,
294,24.8137,0.0,-0.727885,0.0,-0.004533,-0.093902,0.160296,-0.083588,-0.072488,60.3539,2018,0,
295,24.8171,0.0,-0.167237,0.0,-0.004111,0.020936,0.124918,0.016075,-0.057724,59.7568,2018,0,
296,24.8217,0.0,-1.38595,0.0,-0.005008,0.172612,0.1973,0.146983,-0.032233,59.4741,2018,0,
297,24.8248,0.0,-0.090212,0.0,-0.004626,0.128778,0.147552,0.109212,-0.031517,58.8883,2018,0,
298,24.8288,0.0,-0.352835,0.0,-0.004685,0.12402,0.241534,0.105062,-0.028289,60.3542,2018,0,
299,24.8325,0.0,-0.330671,0.0,-0.004536,0.19468,0.22057,0.16633,-0.030559,60.4522,2018,0,
300,24.836,0.0,-0.808023,0.0,-0.004817,0.192951,0.206485,0.164692,-0.0236,59.902,2018,0,
301,24.8404,0.0,-1.7473,0.0,-0.004284,-0.170047,0.184179,-0.149408,-0.024242,60.2925,2018,0,
302,24.844,0.0,0.348251,0.0,-0.004147,0.119492,0.279116,0.10141,-0.010808,58.7625,2018,0,
303,24.848,0.0,-1.41383,0.0,-0.004313,0.012319,0.23354,0.008512,-0.06265,60.8447,2018,0,
304,24.8518,0.0,-0.97122,0.0,-0.004294,-0.12105,0.308301,-0.10698,-0.035238,59.6523,2018,0,
305,24.8549,0.0,-0.463613,0.0,-0.003829,-0.204105,0.245419,-0.178675,-0.01654,60.4889,2018,0,
306,24.8592,0.0,-0.931596,0.0,-0.004455,0.055187,0.266333,0.045566,-0.018763,60.5001,2018,0,
307,24.8637,0.0,0.329765,0.0,-0.00473,0.158074,0.253083,0.134531,-0.023877,59.5593,2018,0,
308,24.8672,0.0,0.772802,0.0,-0.004674,0.037741,0.171453,0.030348,-0.069304,60.85,2018,0,
309,24.8711,0.0,-0.922015,0.0,-0.00459,0.140835,0.159996,0.119672,-0.108042,60.6053,2018,0,
310,24.8747,0.0,-0.942087,0.0,-0.004604,0.036121,0.195995,0.02898,-0.023963,59.5512,2018,0,
311,24.8792,0.0,0.043603,0.0,-0.004989,0.05029,0.146334,0.041058,-0.257853,58.7491,2018,0,
312,24.8828,0.0,-0.33103,0.0,-0.004717,-0.048214,0.165021,-0.044113,-0.0648,60.2382,2018,0,
313,24.8862,0.0,-0.474944,0.0,-0.004917,-0.022921,0.058826,-0.022308,-0.173663,59.9445,2018,0,
314,24.8905,0.0,-0.991666,0.0,-0.004884,-0.00575,0.171352,-0.007422,-0.030378,59.5194,2018,0,
315,24.8947,0.0,-0.206902,0.0,-0.004535,0.267903,0.277838,0.229743,-0.042151,59.2881,2018,0,
316,24.8981,0.0,-0.007862,0.0,-0.004315,0.201938,0.227081,0.172726,-0.17548,60.5486,2018,0,
317,24.9022,0.0,-0.255387,0.0,-0.004676,-0.077355,0.241815,-0.06933,-0.018124,60.1147,2018,0,
318,24.9056,0.0,-1.65617,0.0,-0.00447,-0.035592,0.172585,-0.033059,-0.028801,60.097,2018,0,
319,24.9094,0.0,-0.659379,0.0,-0.004232,0.211502,0.242568,0.18105,-0.024356,61.4339,2018,0,
320,24.9132,0.0,0.399416,0.0,-0.004058,0.118251,0.239475,0.100379,-0.020753,60.0621,2018,0,
321,24.9166,0.0,-0.616606,0.0,-0.004411,0.184344,0.19799,0.157441,-0.039974,60.0363,2018,0,
322,24.9211,0.0,-0.185358,0.0,-0.004419,0.063556,0.160688,0.052832,-0.039574,59.0806,2018,0,
323,24.9254,0.0,-0.745123,0.0,-0.004607,0.015269,0.120607,0.01092,-0.076539,59.6265,2018,0,
324,24.9283,0.0,-0.153877,0.0,-0.004611,0.112513,0.182853,0.095134,-0.035136,60.0609,2018,0,
325,24.9328,0.0,-1.50597,0.0,-0.004469,0.077149,0.13544,0.064578,-0.054568,61.1771,2018,0,
326,24.9361,0.0,-0.731516,0.0,-0.004192,2.2e-05,0.200352,-0.002077,-0.040375,60.0481,2018,0,
327,24.9406,0.0,0.606562,0.0,-0.004588,0.037739,0.192427,0.030389,-0.174033,59.243,2018,0,
328,24.9445,0.0,-0.654513,0.0,-0.00492,-0.076512,0.185898,-0.068721,-0.087072,59.9787,2018,0,
329,24.948,0.0,-1.12778,0.0,-0.004755,0.021307,0.188346,0.016075,-0.045253,60.3806,2018,0,
330,24.9518,0.0,-0.86279,0.0,-0.004243,-0.003057,0.100349,-0.004768,-0.16647,59.3414,2018,0,
331,24.9558,0.0,-0.760228,0.0,-0.004023,0.040695,0.099972,0.033231,-0.090636,60.5392,2018,0,
332,24.9595,0.0,-0.418009,0.0,-0.004906,0.281797,0.296141,0.24159,-0.01817,60.4893,2018,0,
333,24.9633,0.0,0.162202,0.0,-0.004147,-0.133678,0.313664,-0.117842,-0.032194,59.4022,2018,0,
334,24.967,0.0,0.455671,0.0,-0.004288,0.064774,0.232797,0.053952,-0.020238,60.37,2018,0,
335,24.9704,0.0,-0.335734,0.0,-0.003948,0.145236,0.243713,0.123804,-0.024286,59.7188,2018,0,
336,24.9748,0.0,-0.930339,0.0,-0.004153,0.105779,0.314228,0.08953,-0.029569,59.3242,2018,0,
337,24.9795,0.0,-0.459998,0.0,-0.004997,0.074092,0.224178,0.061667,-0.034688,59.4052,2018,0,
338,24.9832,0.0,0.429524,0.0,-0.004484,0.037007,0.191048,0.029807,-0.027162,60.0382,2018,0,
339,24.9863,0.0,-0.76009,0.0,-0.004439,-0.139662,0.165987,-0.123171,-0.09965,59.5053,2018,0,
340,24.9906,0.0,0.215143,0.0,-0.004065,0.160625,0.19587,0.137073,-0.037567,59.6105,2018,0,
341,24.9945,0.0,-0.111602,0.0,-0.004883,0.036465,0.249602,0.029138,-0.023433,59.8732,2018,0,
342,24.9985,0.0,-1.06551,0.0,-0.004948,0.024609,0.180076,0.018838,-0.024756,59.4857,2018,0,
343,25.0025,0.0,-0.531771,0.0,-0.004765,0.144949,0.14516,0.123147,-0.060465,58.9927,2018,0,
344,25.0062,0.0,0.569949,0.0,-0.00467,-0.103853,0.113934,-0.092274,-0.038404,60.138,2018,0,
345,25.01,0.0,-0.970609,0.0,-0.004998,0.169964,0.189683,0.144694,-0.03213,60.1346,2018,0,
346,25.0138,0.0,0.229362,0.0,-0.004665,0.061536,0.255078,0.050959,-0.125299,60.7795,2018,0,
347,25.0177,0.0,-0.978842,0.0,-0.00452,0.09083,0.241968,0.076401,-0.044761,59.8191,2018,0,
348,25.0221,0.0,-0.564822,0.0,-0.004608,0.248552,0.258637,0.212948,-0.101426,59.4248,2018,0,
349,25.0256,0.0,-0.53477,0.0,-0.004329,-0.097547,0.281664,-0.086643,-0.019026,61.0558,2018,0,
350,25.0291,0.0,0.051314,0.0,-0.004225,0.148114,0.281148,0.126158,-0.014147,60.3757,2018,0,
351,25.0332,0.0,-0.843195,0.0,-0.004498,-0.094187,0.329746,-0.083817,-0.018331,59.3279,2018,0,
352,25.0378,0.0,-1.23756,0.0,-0.004452,-0.185893,0.252382,-0.163214,-0.028955,61.0331,2018,0,
353,25.0408,0.0,0.143023,0.0,-0.003938,-0.044716,0.263595,-0.040694,-0.012933,60.2663,2018,0,
354,25.0451,0.0,-0.200539,0.0,-0.004683,0.219441,0.232264,0.1877,-0.016618,59.8995,2018,0,
355,25.0488,0.0,-1.25057,0.0,-0.004452,0.006001,0.192957,0.002971,-0.040939,59.2063,2018,0,
356,25.0526,0.0,-1.01967,0.0,-0.005107,0.230572,0.257559,0.197128,-0.043547,60.2188,2018,0,
357,25.0565,0.0,-0.034588,0.0,-0.004928,-0.011985,0.201684,-0.012844,-0.052291,60.4084,2018,0,
358,25.0606,0.0,-0.775354,0.0,-0.004727,-0.012855,0.136633,-0.013496,-0.032491,60.9389,2018,0,
359,25.0643,0.0,-0.527428,0.0,-0.00426,-0.036682,0.068838,-0.033897,-0.085063,59.9743,2018,0,
360,25.0683,0.0,-0.816882,0.0,-0.004624,0.055109,0.140128,0.045413,-0.03219,58.9183,2018,0,
361,25.0723,0.0,0.188269,0.0,-0.004246,0.039746,0.212408,0.032298,-0.033962,60.5068,2018,0,
362,25.0764,0.0,-1.28388,0.0,-0.004801,0.085278,0.244424,0.071452,-0.025094,59.4174,2018,0,
363,25.0801,0.0,-1.12972,0.0,-0.004628,-0.214452,0.24443,-0.188035,-0.02695,59.9234,2018,0,
364,25.0836,0.0,-0.829899,0.0,-0.004307,0.100313,0.219535,0.08472,-0.060185,60.3715,2018,0,
365,25.0878,0.0,-0.190651,0.0,-0.00455,0.274106,0.297905,0.235108,-0.016496,60.5672,2018,0,
366,25.0915,0.0,-0.893999,0.0,-0.004521,0.096087,0.298783,0.080954,-0.016756,58.5612,2018,0,
367,25.096,0.0,-0.290865,0.0,-0.004808,0.032036,0.207993,0.025339,-0.246304,59.8932,2018,0,
368,25.0992,0.0,-1.34002,0.0,-0.004582,0.077905,0.127546,0.065177,-0.138048,60.4805,2018,0,
369,25.1034,0.0,-0.489071,0.0,-0.004692,0.132832,0.163249,0.11269,-0.056212,58.1016,2018,0,
370,25.1077,0.0,-2.13851,0.0,-0.005159,-0.153362,0.307369,-0.135395,-0.022272,60.144,2018,0,
371,25.1115,0.0,-0.773744,0.0,-0.004499,0.073024,0.320741,0.060991,-0.015584,59.8192,2018,0,
372,25.115,0.0,-1.16961,0.0,-0.004637,-0.183,0.183066,-0.160801,-0.026013,60.0256,2018,0,
373,25.1187,0.0,0.249735,0.0,-0.004505,-0.052856,0.197203,-0.048027,-0.02173,59.719,2018,0,
374,25.1229,0.0,0.008294,0.0,-0.005008,0.095305,0.193666,0.080032,-0.025678,59.4622,2018,0,
375,25.1267,0.0,-0.790956,0.0,-0.004854,-0.049899,0.092355,-0.045641,-0.045853,59.7466,2018,0,
376,25.1305,0.0,0.255369,0.0,-0.004612,-0.054614,0.18409,-0.049604,-0.040123,60.3837,2018,0,
377,25.134,0.0,-0.155346,0.0,-0.004288,0.065999,0.12756,0.055013,-0.095136,60.7832,2018,0,
378,25.1378,0.0,-0.385309,0.0,-0.004157,0.228049,0.247335,0.195418,0.047202,59.6793,2018,0,
379,25.1416,0.0,-0.212953,0.0,-0.004588,0.276808,0.283333,0.237429,-0.075045,59.1203,2018,0,
380,25.1464,0.0,-0.401431,0.0,-0.005183,0.017935,0.143096,0.012941,-0.02959,60.455,2018,0,
381,25.1492,0.0,-0.769454,0.0,-0.003966,0.037688,0.250694,0.030656,-0.178929,60.1499,2018,0,
382,25.1544,0.0,-1.40099,0.0,-0.005699,-0.220437,0.244868,-0.193753,-0.142271,59.9208,2018,0,
383,25.158,0.0,-0.387734,0.0,-0.004896,-0.061402,0.291905,-0.055624,-0.0164,60.646,2018,0,
384,25.1616,0.0,-0.937231,0.0,-0.005187,0.010887,0.134373,0.006835,-0.043842,59.8792,2018,0,
385,25.1657,0.0,-0.320384,0.0,-0.005078,-0.002428,0.206713,-0.004642,-0.174619,60.5058,2018,0,
386,25.1694,0.0,-1.24565,0.0,-0.004683,0.030652,0.206766,0.024204,-0.034123,59.7746,2018,0,
387,25.1731,0.0,-0.468067,0.0,-0.004759,-0.112347,0.304386,-0.099675,-0.017327,59.6538,2018,0,
388,25.1772,0.0,0.552573,0.0,-0.004602,0.113021,0.293646,0.095578,-0.052623,60.352,2018,0,
389,25.1809,0.0,-0.820256,0.0,-0.004943,0.03673,0.259726,0.029338,-0.027914,59.74,2018,0,
390,25.1846,0.0,0.092917,0.0,-0.004744,-0.165143,0.188582,-0.14539,-0.033722,60.4418,2018,0,
391,25.1882,0.0,-0.473928,0.0,-0.004148,0.137107,0.276992,0.116664,-0.017308,60.1847,2018,0,
392,25.1929,0.0,0.426167,0.0,-0.004028,0.083949,0.193509,0.070688,-0.059997,59.355,2018,0,
393,25.1964,0.0,-1.6343,0.0,-0.004693,-0.117429,0.208481,-0.104043,-0.032025,58.7718,2018,0,
394,25.2006,0.0,0.521791,0.0,-0.004547,0.2293,0.229365,0.196306,-0.031769,59.9035,2018,0,
395,25.2042,0.0,-0.92329,0.0,-0.004042,-0.018097,0.24804,-0.017694,-0.032723,60.1249,2018,0,
396,25.2082,0.0,0.266421,0.0,-0.004495,0.010654,0.186922,0.006979,-0.055143,59.1419,2018,0,
397,25.2124,0.0,-0.817532,0.0,-0.00464,0.030503,0.202979,0.024097,-0.064002,61.4479,2018,0,
398,25.2158,0.0,-1.16002,0.0,-0.004543,0.069892,0.304508,0.058257,-0.016941,59.3625,2018,0,
399,25.22,0.0,-0.93183,0.0,-0.004451,-0.249792,0.258646,-0.218552,-0.026554,59.5138,2018,0,
400,25.2239,0.0,-0.565252,0.0,-0.004677,-0.108017,0.284012,-0.095884,-0.018,59.656,2018,0,
401,25.2276,0.0,0.698079,0.0,-0.0046,0.076701,0.179616,0.064125,-0.071107,59.5448,2018,0,
402,25.2318,0.0,0.122022,0.0,-0.004903,0.215686,0.23358,0.184338,-0.025953,60.1014,2018,0,
403,25.2355,0.0,-1.18845,0.0,-0.004879,-0.040591,0.219573,-0.037592,-0.019515,59.9581,2018,0,
404,25.2394,0.0,-1.37744,0.0,-0.004557,-0.044703,0.167392,-0.040992,-0.046752,59.9291,2018,0,
405,25.2432,0.0,-0.663637,0.0,-0.004763,0.026285,0.101842,0.020382,-0.049635,60.4708,2018,0,
406,25.2469,0.0,-0.49579,0.0,-0.004723,0.012622,0.232746,0.008569,-0.048422,60.635,2018,0,
407,25.2511,0.0,-1.18821,0.0,-0.005177,0.132037,0.181326,0.111759,-0.087491,60.7072,2018,0,
408,25.255,0.0,-0.136707,0.0,-0.004707,0.02624,0.182095,0.020371,-0.15971,59.5917,2018,0,
409,25.2595,0.0,-0.003082,0.0,-0.004787,0.201692,0.211929,0.172277,-0.081874,60.5246,2018,0,
410,25.2633,0.0,-0.41959,0.0,-0.005294,0.113154,0.126329,0.095347,0.072877,59.7702,2018,0,
411,25.2671,0.0,-0.800061,0.0,-0.004812,-0.119329,0.205432,-0.105748,-0.017067,60.7294,2018,0,
412,25.2709,0.0,0.345072,0.0,-0.004932,0.042606,0.133711,0.034432,-0.077526,60.1698,2018,0,
413,25.2745,0.0,-0.098011,0.0,-0.004508,0.225637,0.230532,0.193153,-0.047662,59.9204,2018,0,
414,25.2786,0.0,-0.53579,0.0,-0.004642,0.229324,0.24653,0.19628,-0.044759,61.0168,2018,0,
415,25.2829,0.0,-0.216279,0.0,-0.005222,0.095236,0.113525,0.079866,-0.067483,62.3453,2018,0,
416,25.2868,0.0,-0.492856,0.0,-0.005156,0.090137,0.301793,0.075483,-0.073027,59.9127,2018,0,
417,25.2908,0.0,-1.46155,0.0,-0.005277,-0.079666,0.161062,-0.071631,-0.077166,59.2947,2018,0,
418,25.2949,0.0,0.517224,0.0,-0.004967,0.066656,0.147729,0.055243,-0.073249,59.832,2018,0,
419,25.2985,0.0,0.470356,0.0,-0.004942,-0.040607,0.272383,-0.037638,-0.03651,59.6211,2018,0,
420,25.3026,0.0,-0.786351,0.0,-0.005327,-0.080738,0.13079,-0.072585,-0.050934,59.4353,2018,0,
421,25.3064,0.0,-0.237188,0.0,-0.004818,0.254066,0.26527,0.217619,-0.025333,59.4896,2018,0,
422,25.31,0.0,0.010106,0.0,-0.005142,-0.051974,0.166021,-0.047582,-0.043726,60.3799,2018,0,
423,23.1324,2.21367,0.014874,-0.547045,-0.004834,-0.078617,0.118934,-0.070501,-0.04378,60.0682,2018,0,
424,23.1321,2.21714,0.014858,-1.33697,-0.005036,-0.084792,0.262742,-0.07595,-0.047664,61.2854,2018,0,
425,23.1318,2.22082,0.01485,0.952099,-0.004401,0.16068,0.160781,0.136953,-0.034489,60.1628,2018,0,
426,23.1321,2.22538,0.014873,-0.142262,-0.004845,-0.289042,0.301758,-0.252741,-0.014997,60.2983,2018,0,
427,23.1319,2.22918,0.014861,-0.760572,-0.004758,-0.112268,0.214011,-0.099606,-0.025587,59.8053,2018,0,
428,23.1315,2.23337,0.014857,-0.812667,-0.004969,0.219135,0.247952,0.187292,-0.019947,60.6262,2018,0,
429,23.1317,2.23672,0.014882,-1.06526,-0.004602,0.008355,0.24446,0.004935,-0.023572,59.4229,2018,0,
430,23.1315,2.24127,0.01485,-1.15911,-0.004765,-0.097724,0.251012,-0.087014,-0.019904,59.3767,2018,0,
431,23.1318,2.24497,0.014874,-1.02116,-0.005338,-0.234103,0.253442,-0.205408,-0.063981,59.5886,2018,0,
432,23.1316,2.2487,0.014888,-0.973875,-0.005127,0.100119,0.197658,0.084142,-0.032715,60.5249,2018,0,
433,23.1317,2.25248,0.014844,-1.1235,-0.004859,-0.121321,0.294172,-0.107497,-0.051008,60.7725,2018,0,
434,23.1318,2.25654,0.014851,-0.578839,-0.004769,-0.134681,0.164807,-0.119022,-0.050792,60.6071,2018,0,
435,23.1317,2.26056,0.014843,-0.083657,-0.005205,0.101905,0.198692,0.085649,-0.035445,59.742,2018,0,
436,23.1316,2.26468,0.014855,-0.420238,-0.004701,0.036798,0.122733,0.029517,-0.043374,59.7595,2018,0,
437,23.1318,2.2685,0.014846,-0.843926,-0.005172,-0.117523,0.23278,-0.104364,-0.048761,59.6055,2018,0,
438,23.1313,2.27228,0.014853,-0.193901,-0.004069,-0.093286,0.129485,-0.082823,-0.09633,60.0153,2018,0,
439,23.1316,2.27636,0.01486,-1.3084,-0.004719,-0.094854,0.281985,-0.084505,-0.022991,60.1252,2018,0,
440,23.1318,2.28046,0.014856,-0.106177,-0.005014,0.087882,0.09847,0.073602,-0.100621,60.9762,2018,0,
441,23.1317,2.28423,0.014837,-0.2396,-0.0046,0.12253,0.163811,0.103814,-0.038241,59.3701,2018,0,
442,23.1313,2.28827,0.01489,0.275614,-0.004233,-0.067076,0.176377,-0.060206,-0.017054,59.9411,2018,0,
443,23.1314,2.29211,0.014856,0.327529,-0.004794,0.11869,0.137029,0.100392,-0.10694,59.6056,2018,0,
444,23.1318,2.29621,0.014871,-0.676425,-0.005067,0.017635,0.185262,0.012739,-0.042966,60.4597,2018,0,
445,23.1318,2.30017,0.014857,-0.289499,-0.005004,0.179581,0.242125,0.153019,-0.032263,58.9202,2018,0,
446,23.1313,2.30429,0.014843,-0.64293,-0.005276,0.134395,0.236239,0.113751,-0.023834,60.425,2018,0,
447,23.1315,2.30768,0.014828,-0.71433,-0.004541,-0.079294,0.17423,-0.070941,-0.035032,60.4201,2018,0,
448,23.1316,2.31112,0.014841,-1.11048,-0.004733,-0.123127,0.131419,-0.108998,-0.11986,59.1866,2018,0,
449,23.1317,2.31572,0.014849,-0.782241,-0.005331,0.133639,0.19114,0.113069,-0.073094,61.4641,2018,0,
450,23.1318,2.31983,0.014829,-0.652048,-0.005221,-0.103083,0.251837,-0.091883,-0.01967,60.4592,2018,0,
451,23.1314,2.32359,0.014835,0.602384,-0.004562,0.030494,0.181533,0.024128,-0.019384,60.0616,2018,0,
452,23.1316,2.32743,0.014874,-0.187071,-0.005068,0.121944,0.23676,0.103073,-0.021132,59.0944,2018,0,
453,23.1318,2.33163,0.014862,-0.395704,-0.00547,0.072017,0.253129,0.059634,-0.022916,59.5914,2018,0,
454,23.1317,2.3355,0.01488,-0.834711,-0.004926,0.030127,0.256184,0.023627,-0.025691,59.7326,2018,0,
455,23.1317,2.33899,0.014884,-1.39839,-0.005691,-0.208747,0.20889,-0.183626,-0.038065,58.776,2018,0,
456,23.1318,2.34364,0.014835,-1.4086,-0.004801,-0.067284,0.076643,-0.06067,-0.09604,59.806,2018,0,
457,23.1318,2.34739,0.014845,-0.339895,-0.004843,0.252124,0.276337,0.215924,-0.019503,60.6244,2018,0,
458,23.1319,2.35142,0.014853,-0.838973,-0.004969,0.075581,0.222981,0.062971,-0.034916,60.112,2018,0,
459,23.1314,2.3549,0.01485,-1.05707,-0.004288,-0.057407,0.27253,-0.05186,-0.014894,59.8618,2018,0,
460,23.1318,2.35922,0.014841,-1.5451,-0.004973,-0.184759,0.198823,-0.162492,-0.029354,60.1013,2018,0,
461,23.1319,2.36298,0.014828,0.618564,-0.005277,-0.061918,0.24831,-0.056261,-0.027758,60.5589,2018,0,
462,23.1323,2.36699,0.01482,-0.324414,-0.005405,0.069472,0.14126,0.057462,-0.151499,60.4538,2018,0,
463,23.1315,2.37098,0.014853,0.005383,-0.004406,-0.131772,0.131884,-0.116321,-0.035441,60.7865,2018,0,
464,23.1315,2.37468,0.014816,-1.7996,-0.00454,-0.169964,0.170057,-0.149464,-0.029932,60.2815,2018,0,
465,23.132,2.37826,0.014825,0.22909,-0.004824,0.025659,0.105285,0.019809,-0.063242,59.4098,2018,0,
466,23.1317,2.38284,0.014848,-0.868946,-0.004698,0.036707,0.271607,0.02944,-0.019338,59.4048,2018,0,
467,23.132,2.38657,0.01487,-0.169102,-0.004644,-0.005201,0.193734,-0.006826,-0.030733,60.5643,2018,0,
468,23.1317,2.39073,0.01487,-0.553885,-0.004804,0.082361,0.304638,0.068925,-0.016516,60.0863,2018,0,
469,23.1316,2.39456,0.01486,-0.840793,-0.004053,-0.103021,0.135025,-0.091245,-0.028706,60.0058,2018,0,
470,23.132,2.39824,0.014862,-0.055844,-0.004858,0.115782,0.152016,0.097842,-0.030289,59.5354,2018,0,
471,23.1318,2.40259,0.014859,0.173165,-0.004703,0.088335,0.272922,0.074149,-0.010217,61.1163,2018,0,
472,23.1319,2.40626,0.014842,-0.982331,-0.004749,-0.077251,0.192085,-0.069276,-0.081778,59.319,2018,0,
473,23.132,2.41054,0.014826,0.442508,-0.005032,0.129257,0.242703,0.109424,-0.028304,59.3142,2018,0,
474,23.1316,2.41441,0.01483,-0.886617,-0.004582,0.087116,0.242931,0.073154,-0.015567,60.3021,2018,0,
475,23.1322,2.41838,0.014854,-0.802541,-0.005091,-0.116055,0.137782,-0.103052,-0.169561,59.8176,2018,0,
476,23.1318,2.42222,0.014849,-0.353969,-0.004701,0.07509,0.272978,0.06268,-0.020732,60.4398,2018,0,
477,23.1316,2.42613,0.014861,0.091979,-0.004754,0.050239,0.080781,0.041131,-0.204569,60.0961,2018,0,
478,23.1318,2.43015,0.014841,1.00218,-0.005156,0.044945,0.190809,0.036346,-0.036384,59.8786,2018,0,
479,23.1317,2.43412,0.014845,0.22782,-0.004485,0.032728,0.133237,0.026101,-0.042828,61.2234,2018,0,
480,23.1317,2.438,0.014845,0.157796,-0.005029,0.199542,0.221927,0.170294,-0.051464,59.9948,2018,0,
481,23.1316,2.44212,0.014866,-0.466669,-0.004595,0.157208,0.174499,0.133848,-0.041988,59.8185,2018,0,
482,23.1319,2.4459,0.01485,-0.564481,-0.005208,0.0236,0.185326,0.017834,-0.094991,59.9156,2018,0,
483,23.132,2.44989,0.014857,-0.572117,-0.005469,0.26627,0.295803,0.227862,-0.069671,60.2215,2018,0,
484,23.132,2.45411,0.014852,-0.017162,-0.004895,0.032334,0.206442,0.025554,-0.168613,59.8868,2018,0,
485,23.1322,2.45765,0.014856,-0.592256,-0.005404,0.1736,0.221441,0.14764,-0.10174,61.2675,2018,0,
486,23.1315,2.46161,0.014862,-1.58711,-0.00462,-0.100907,0.134011,-0.089698,-0.036435,61.5378,2018,0,
487,23.1322,2.46587,0.014887,0.230393,-0.00513,0.108187,0.296072,0.091128,-0.020052,61.0118,2018,0,
488,23.1317,2.46938,0.014846,-0.655602,-0.005441,-0.04703,0.110917,-0.04345,-0.04811,59.8741,2018,0,
489,23.1318,2.47374,0.014842,-0.362243,-0.005389,0.04142,0.096563,0.033176,-0.144532,59.8965,2018,0,
490,23.1314,2.47788,0.01483,-0.102843,-0.00507,0.11887,0.310672,0.10041,-0.014406,59.8912,2018,0,
491,23.1321,2.48169,0.014843,-0.319378,-0.005461,-0.004648,0.240211,-0.006756,-0.026921,60.1799,2018,0,
492,23.1318,2.48579,0.014824,1.16787,-0.004634,0.26968,0.272633,0.231233,-0.032013,60.4922,2018,0,
493,23.1322,2.48932,0.014831,-0.76512,-0.004999,-0.128631,0.184115,-0.113897,-0.032976,60.4774,2018,0,
494,23.1322,2.49323,0.014822,-0.182804,-0.00545,-0.066235,0.171339,-0.060086,-0.043851,61.0101,2018,0,
495,23.1317,2.49755,0.014846,0.625222,-0.004977,0.218386,0.223293,0.18664,-0.037443,59.716,2018,0,
496,23.1318,2.50153,0.014798,-0.151165,-0.004964,0.106062,0.282068,0.089371,-0.07348,58.9786,2018,0,
497,23.1317,2.50535,0.014847,-0.602291,-0.004732,0.012221,0.226728,0.008218,-0.035193,60.3729,2018,0,
498,23.132,2.50942,0.014859,-1.06119,-0.00506,-0.003861,0.212548,-0.005874,-0.03244,58.8914,2018,0,
499,23.1319,2.51338,0.014848,0.409132,-0.00523,-0.040275,0.231901,-0.037495,-0.023692,59.5102,2018,0,
500,23.1317,2.51721,0.01483,0.477198,-0.004605,0.036683,0.163051,0.029466,-0.173761,59.85,2018,0,
501,23.1318,2.52123,0.01483,0.037333,-0.004747,-0.005829,0.15473,-0.007421,-0.027168,58.9356,2018,0,
502,23.132,2.52546,0.014816,0.37774,-0.005052,-0.027358,0.211294,-0.026219,-0.030463,61.5644,2018,0,
503,23.1316,2.52895,0.014834,0.780849,-0.004626,-0.12733,0.160849,-0.112584,-0.033266,60.7833,2018,0,
504,23.1318,2.53286,0.014834,-0.47504,-0.005192,0.01124,0.236654,0.007139,-0.032159,59.4017,2018,0,
505,23.1317,2.5372,0.014852,0.51387,-0.00491,0.052822,0.133502,0.04329,-0.04941,60.123,2018,0,
506,23.1319,2.54097,0.014826,-0.664445,-0.004739,-0.101252,0.320476,-0.090056,-0.043895,59.896,2018,0,
507,24.1493,3.02099,0.016024,-0.927154,-0.005683,-0.136997,0.318988,-0.121485,-0.01888,59.9522,2018,21232401,
508,24.1496,3.02552,0.016058,-0.380708,-0.00606,-0.025269,0.230579,-0.024913,-0.045047,58.9524,2018,21232402,
509,24.1496,3.0293,0.016024,0.967513,-0.0063,5.8e-05,0.216451,-0.0031,-0.036895,60.3729,2018,21232403,
510,24.1495,3.03418,0.016063,-0.769233,-0.006239,-0.321657,0.345196,-0.281682,-0.071586,60.0325,2018,21232404,
511,24.1492,3.03844,0.01604,-0.344191,-0.005478,-0.082922,0.094016,-0.074552,-0.126924,59.6274,2018,21232405,
512,24.1495,3.04273,0.016052,-1.14874,-0.006187,-0.139546,0.182932,-0.123944,-0.036913,61.103,2018,21232406,
513,24.1495,3.04666,0.016043,-1.03428,-0.005843,-0.258017,0.261294,-0.22637,-0.041532,59.8834,2018,21232407,
514,24.1493,3.05218,0.016048,-0.639951,-0.006072,-0.132117,0.2222,-0.117453,-0.02583,60.4419,2018,21232408,
515,24.1491,3.05609,0.01605,-0.227631,-0.005574,0.038136,0.257467,0.03024,-0.028046,59.8358,2018,21232409,
516,24.1487,3.0601,0.016025,-0.990686,-0.005057,-0.218554,0.226136,-0.191802,-0.032447,60.4841,2018,21232410,
517,24.149,3.06422,0.016035,-0.220891,-0.005768,-0.064767,0.321734,-0.058974,-0.015395,61.1659,2018,21232411,
518,24.137,-0.843127,0.016003,0.183489,-0.002769,-0.199239,0.207373,-0.173931,-0.07972,59.8481,2018,21232958,
519,24.1375,-0.839318,0.01598,-0.011965,-0.00367,-0.017961,0.159334,-0.01739,-0.009971,59.4328,2018,21232959,
520,24.1373,-0.834895,0.016005,-0.763833,-0.00337,0.035969,0.290714,0.029465,0.020411,60.6769,2018,21232960,
521,24.1369,-0.830609,0.016,-2.1042,-0.003246,0.312193,0.312216,0.268744,0.001896,59.6392,2018,21232961,
522,24.137,-0.826909,0.01599,-0.792643,-0.003237,-0.170907,0.196133,-0.149628,0.007699,61.2254,2018,21232962,
523,24.1375,-0.8225,0.016005,-1.59002,-0.004049,0.228808,0.246893,0.196129,-0.011026,59.6805,2018,21232963,
524,24.1374,-0.8183,0.016007,-1.21552,-0.003422,0.081289,0.332893,0.068688,-0.001346,60.5758,2018,21232964,
525,24.1377,-0.813329,0.015966,0.26898,-0.003918,-0.155722,0.169901,-0.136818,-0.021155,59.4076,2018,21232965,
526,24.1373,-0.809159,0.016006,-0.079719,-0.003756,-0.171377,0.330033,-0.150295,0.00132,60.1546,2018,21232966,
527,24.1374,-0.805427,0.016015,0.158483,-0.003775,0.005524,0.231793,0.002897,-0.008352,60.6517,2018,21232967,
528,24.1377,-0.800505,0.016002,-1.56688,-0.003585,0.095788,0.263983,0.081163,0.00298,58.7814,2018,21232968,
529,24.1377,-0.795951,0.016001,-0.252634,-0.003537,-0.00013,0.249124,-0.001881,-0.004738,60.9274,2018,21232969,
530,24.1376,-0.792252,0.016042,-1.34805,-0.003418,0.311767,0.326533,0.268289,0.012694,59.5756,2018,21232970,
531,24.1374,-0.787522,0.016026,0.100061,-0.003204,-0.159263,0.334399,-0.139528,0.010735,60.8283,2018,21232971,
532,24.1374,-0.474039,0.016007,0.779723,-0.003636,-0.093703,0.143562,-0.082967,-0.021616,61.2363,2018,21233043,
533,24.1372,-0.469068,0.015996,-0.178317,-0.003154,-0.151709,0.182439,-0.132961,-0.010115,59.4986,2018,21233044,
534,24.1372,-0.46469,0.015992,-0.217511,-0.003329,0.247664,0.273523,0.212818,0.012424,60.1166,2018,21233045,
535,24.1372,-0.460025,0.016001,0.49202,-0.003111,-0.051026,0.190806,-0.045745,-0.013022,59.4384,2018,21233046,
536,24.1374,-0.455879,0.015995,0.024341,-0.003748,0.170903,0.181541,0.146132,-0.014536,60.4432,2018,21233047,
537,24.1373,-0.451678,0.015996,-0.847286,-0.003394,0.134412,0.25592,0.114707,-0.003867,60.8956,2018,21233048,
538,24.1375,-0.447522,0.015992,0.821361,-0.003531,-0.077418,0.161034,-0.068811,0.041579,60.0259,2018,21233049,
539,24.1372,-0.443283,0.015989,-1.18097,-0.003419,0.104842,0.345451,0.089087,0.046668,60.0413,2018,21233050,
540,24.1369,-0.439206,0.015978,-0.476258,-0.002889,0.156892,0.305776,0.134428,-0.00145,59.7385,2018,21233051,
541,24.1369,-0.434716,0.015991,-1.36413,-0.002923,0.181575,0.196482,0.155787,-0.019938,59.9795,2018,21233052,
542,24.1373,-0.430234,0.015967,-0.384109,-0.003301,-0.115696,0.163683,-0.101846,-0.010575,59.9116,2018,21233053,
543,24.1374,-0.42593,0.015971,0.164315,-0.003603,0.225547,0.233173,0.193528,-0.005458,60.1468,2018,21233054,
544,24.1376,-0.421701,0.015983,-1.23986,-0.003701,0.033711,0.255934,0.027344,-0.039117,59.8737,2018,21233055,
545,24.1373,-0.416789,0.015967,0.049047,-0.003012,-0.020497,0.135984,-0.019258,-0.009435,60.0281,2018,21233056,
546,24.1373,-0.411601,0.016007,-0.849588,-0.003539,0.030056,0.225988,0.02426,-0.015628,60.5138,2018,21233057,
547,24.1372,-0.40745,0.015984,-0.504278,-0.003215,-0.058,0.277288,-0.051837,-0.006915,60.8019,2018,21233058,
548,24.1375,-0.40296,0.015983,-1.59684,-0.003379,0.140366,0.220486,0.119871,-0.007635,60.07,2018,21233059,
549,24.1376,-0.398366,0.01596,-1.00206,-0.004112,0.321652,0.339823,0.276503,-0.001644,60.372,2018,21233060,
550,24.1431,-0.394779,0.015992,0.181771,-0.002929,-0.095097,0.355016,-0.083821,0.005376,58.5368,2018,21233061,
551,24.1489,-0.390244,0.015979,-1.0034,-0.003121,0.26196,0.264793,0.225303,0.004957,59.0429,2018,21233062,
552,24.1492,-0.38565,0.016011,-0.540636,-0.003644,0.129431,0.217894,0.110269,-0.005811,60.0438,2018,21233063,
553,24.1492,-0.381621,0.015979,-1.20342,-0.003615,0.072498,0.222886,0.060978,-0.002411,60.0885,2018,21233064,
554,24.1494,-0.377907,0.016008,-1.02264,-0.003416,0.108462,0.159071,0.092223,-0.032212,60.9319,2018,21233065,
555,24.1497,-0.373641,0.015992,-0.924697,-0.003899,0.304107,0.325078,0.261415,-0.00018,60.9347,2018,21233066,
556,24.1495,-0.369056,0.015982,0.685,-0.004056,0.006249,0.243765,0.003384,-0.048209,59.6756,2018,21233067,
557,24.1492,-0.364694,0.015981,-0.137775,-0.003625,0.19511,0.217545,0.167158,-0.005002,60.5158,2018,21233068,
558,24.1493,-0.360678,0.016015,-0.299283,-0.003896,0.005463,0.198754,0.002783,-0.095929,60.7442,2018,21233069,
559,24.1492,-0.356221,0.015986,-0.888005,-0.00357,0.082154,0.317959,0.069363,0.010711,60.6394,2018,21233070,
560,24.149,-0.351769,0.015979,-0.311141,-0.003407,-0.040871,0.173111,-0.037099,-0.111914,60.5191,2018,21233071,
561,24.1374,0.962931,0.015962,-0.784012,-0.004374,0.098138,0.313669,0.082802,-0.181559,60.0186,2018,21233372,
562,24.137,0.967427,0.015929,-1.53708,-0.004214,0.224834,0.234807,0.192605,-0.017635,60.6518,2018,21233373,
563,24.1371,0.97101,0.015969,-1.05814,-0.004126,0.309537,0.309566,0.266004,-0.013102,60.6147,2018,21233374,
564,24.1372,0.975562,0.01597,-0.087984,-0.004493,0.118232,0.3159,0.100145,-0.019149,60.2827,2018,21233375,
565,24.1371,0.980021,0.015937,-0.400247,-0.004969,0.076998,0.308335,0.064198,-0.014779,60.0343,2018,21233376,
566,24.1371,0.98433,0.015963,-1.73884,-0.00437,-0.067936,0.118146,-0.061019,-0.065875,59.4166,2018,21233377,
567,24.1372,0.988351,0.015983,-0.384416,-0.004332,0.170146,0.290776,0.145184,-0.011416,61.0201,2018,21233378,
568,24.1374,0.992987,0.015929,0.570233,-0.004665,-0.012497,0.244831,-0.013155,-0.044171,60.2488,2018,21233379,
569,24.137,0.997719,0.015948,-0.060855,-0.003999,0.150415,0.321478,0.128264,-0.007162,59.4557,2018,21233380,
570,24.1374,1.00232,0.015962,-0.388463,-0.005133,0.116341,0.353654,0.098188,-0.013428,60.0674,2018,21233381,
571,24.1376,1.0065,0.015956,-1.77991,-0.005239,0.123634,0.311834,0.104451,-0.028807,58.9286,2018,21233382,
572,24.1491,1.47938,0.015957,-0.685469,-0.005107,0.210924,0.261892,0.180112,-0.017793,59.8706,2018,21233490,
573,24.149,1.48394,0.015946,-0.950646,-0.005529,-0.146465,0.272719,-0.129607,-0.023887,59.9644,2018,21233491,
574,24.149,1.48892,0.01595,0.508074,-0.004935,-0.071344,0.20812,-0.064253,-0.026813,57.759,2018,21233492,
575,24.1492,1.49332,0.015928,-1.33011,-0.005856,0.182085,0.198992,0.154763,-0.137312,59.4088,2018,21233493,
576,24.1489,1.49774,0.015944,-0.154994,-0.004786,0.303176,0.311164,0.260165,-0.063009,60.3095,2018,21233494,
577,24.1483,1.50137,0.015966,-1.39363,-0.004694,0.039509,0.227938,0.031869,-0.095114,59.5437,2018,21233495,
578,24.1485,1.50535,0.01596,-0.825599,-0.004199,0.100047,0.204024,0.084543,-0.019503,61.0156,2018,21233496,
579,24.1485,1.51015,0.015943,0.37763,-0.004329,-0.096967,0.184479,-0.086141,-0.033181,60.7533,2018,21233497,
580,24.1494,1.51463,0.015959,0.58874,-0.005484,0.07376,0.335096,0.061136,-0.022022,59.5846,2018,21233498,
581,24.1488,1.51853,0.015944,-0.252266,-0.004833,-0.007824,0.240144,-0.009193,-0.034452,61.0799,2018,21233499,
582,24.1484,1.52226,0.015924,-1.30083,-0.004564,0.122397,0.129066,0.103717,-0.040767,59.8818,2018,21233500,
583,24.1485,1.5276,0.015964,0.704716,-0.004576,-0.10448,0.351729,-0.09277,-0.011374,61.0896,2018,21233501,
584,24.1486,1.53101,0.015925,0.332253,-0.004766,0.196169,0.240999,0.167504,-0.048511,60.0885,2018,21233502,
585,24.1488,1.53554,0.015941,-0.550337,-0.00526,0.114053,0.311673,0.096143,-0.016696,60.5509,2018,21233503,
586,24.1488,1.54053,0.015931,-0.041463,-0.005056,-0.120223,0.20691,-0.106644,-0.021946,58.3819,2018,21233504,
587,24.1488,1.54519,0.015937,-1.04465,-0.005085,0.131019,0.332904,0.110923,-0.023147,58.983,2018,21233505,
588,24.1487,1.549,0.015959,-0.660438,-0.005101,0.219306,0.223456,0.187374,-0.15457,60.0464,2018,21233506,
589,24.149,1.55343,0.015965,-1.18195,-0.005385,0.237724,0.249628,0.203183,-0.041173,59.2794,2018,21233507,
590,24.1486,1.55769,0.015943,-1.4678,-0.00462,-0.044397,0.300967,-0.040759,-0.02529,60.2186,2018,21233508,
591,24.1488,1.56228,0.015953,-0.191384,-0.005487,0.166228,0.255419,0.141214,-0.023838,59.728,2018,21233509,
592,24.1487,1.56627,0.015961,-0.428792,-0.005204,0.171929,0.201052,0.146293,-0.141674,59.2514,2018,21233510,
593,24.149,1.57144,0.015942,-1.50377,-0.005596,0.040466,0.273342,0.032247,-0.067733,60.2432,2018,21233511,
594,24.1484,1.57528,0.015943,-1.22058,-0.004762,0.125789,0.334643,0.106556,-0.01474,59.4939,2018,21233512,
595,24.1486,1.57969,0.015937,0.320588,-0.005032,0.131535,0.371501,0.111397,-0.018385,60.5897,2018,21233513,
596,24.1484,1.58352,0.015959,-0.754821,-0.004892,0.041108,0.182279,0.033155,-0.067973,60.2086,2018,21233514,
597,24.1485,1.58835,0.015932,-0.085418,-0.005004,0.205941,0.226023,0.175848,-0.023386,60.8045,2018,21233515,
598,24.1488,1.59308,0.015969,-0.499541,-0.005283,0.238327,0.238408,0.203756,-0.031991,60.5661,2018,21233516,
599,24.1489,1.59695,0.015938,-1.47963,-0.005294,0.07341,0.28286,0.060928,-0.02405,59.2385,2018,21233517,
600,24.1487,1.60169,0.015926,-0.985118,-0.005347,-0.069413,0.348401,-0.062787,-0.01441,58.713,2018,21233518,
601,24.1488,1.60605,0.015945,-0.549909,-0.005256,0.189972,0.190173,0.161893,-0.130711,59.8494,2018,21233519,
602,24.1487,1.61101,0.015923,-0.881659,-0.005186,0.25055,0.26844,0.214389,-0.027067,60.0151,2018,21233520,
603,24.1486,1.61466,0.015903,-0.206965,-0.005073,0.037432,0.124345,0.02988,-0.036233,59.5303,2018,21233521,
604,24.1485,1.61932,0.015918,-0.722507,-0.004605,0.129187,0.141166,0.109576,-0.062248,60.534,2018,21233522,
605,24.1488,1.6236,0.015952,-1.42691,-0.004752,-0.087634,0.165807,-0.078269,-0.022973,60.8901,2018,21233523,
606,24.1487,1.62768,0.015942,-0.513265,-0.005132,-0.168859,0.312326,-0.148802,-0.019114,60.2276,2018,21233524,
607,24.1485,1.63184,0.015959,-1.86644,-0.004414,-0.028812,0.204161,-0.027159,-0.163963,60.3657,2018,21233525,
608,24.1484,1.63624,0.015931,-1.89754,-0.00441,-0.268924,0.286849,-0.2351,-0.027329,61.2987,2018,21233526,
609,24.1483,1.64086,0.015949,-1.36298,-0.004743,0.118876,0.144332,0.100578,-0.175321,59.0013,2018,21233527,
610,24.1488,1.64518,0.015942,-1.13887,-0.005622,0.027363,0.200574,0.020886,-0.041177,60.0349,2018,21233528,
611,24.149,1.64945,0.015945,-0.19637,-0.005163,0.058346,0.297811,0.047948,-0.018705,59.4692,2018,21233529,
612,24.1487,1.65459,0.015902,-0.324854,-0.004812,0.15524,0.155412,0.132035,-0.045695,58.8285,2018,21233530,
613,24.1489,1.65856,0.015944,-0.396509,-0.005065,-0.125245,0.287165,-0.110998,-0.094942,60.4264,2018,21233531,
614,24.149,1.66314,0.015931,-0.795217,-0.005444,0.105547,0.156814,0.088684,-0.039455,59.7302,2018,21233532,
615,24.149,1.66719,0.015956,-0.14249,-0.005203,0.116071,0.3535,0.097919,-0.061666,60.2466,2018,21233533,
616,24.1492,1.67169,0.015947,-1.03911,-0.006018,0.131249,0.187502,0.110656,-0.039121,60.6991,2018,21233534,
617,24.1489,1.67602,0.015936,-0.572945,-0.005177,0.12255,0.23193,0.103542,-0.066808,60.2105,2018,21233535,
618,24.1486,1.68003,0.015945,0.762112,-0.004868,0.001887,0.252895,-0.0008,-0.03219,59.0271,2018,21233536,
619,24.1487,1.68502,0.015969,-0.770528,-0.00507,0.046986,0.175942,0.038156,-0.03416,60.4673,2018,21233537,
620,24.1487,1.68933,0.015924,-1.79669,-0.004856,-0.008596,0.233175,-0.009872,-0.135027,59.7966,2018,21233538,
621,24.1491,1.69322,0.015961,-1.5571,-0.005346,-0.116806,0.340495,-0.10383,-0.017251,58.7167,2018,21233539,
622,24.1482,1.69809,0.015949,-1.36578,-0.004247,-0.182684,0.283641,-0.160333,-0.019461,59.3591,2018,21233540,
623,24.1485,1.70225,0.015931,-0.579497,-0.005363,-0.162811,0.167055,-0.143679,-0.040288,59.7575,2018,21233541,
624,24.1486,1.70684,0.015936,0.017355,-0.005279,0.036254,0.221496,0.028757,-0.089444,60.3681,2018,21233542,
625,24.1486,1.71143,0.015945,-1.16298,-0.004917,0.148142,0.149567,0.125836,-0.17271,59.9401,2018,21233543,
626,24.1487,1.71579,0.015951,-0.101268,-0.005335,0.167823,0.168092,0.142672,-0.069002,58.6728,2018,21233544,
627,24.149,1.72026,0.015925,-1.03137,-0.005802,0.011383,0.278357,0.006957,-0.033824,60.754,2018,21233545,
628,24.1489,1.72437,0.015907,-1.30403,-0.005729,0.120464,0.206117,0.10146,-0.140975,59.4766,2018,21233546,
629,24.1487,1.72902,0.015934,-1.24256,-0.005132,0.020308,0.180536,0.015022,-0.075182,59.9017,2018,21233547,
630,24.1485,1.73319,0.01592,-1.14517,-0.004738,0.10608,0.192759,0.089499,-0.044925,60.6135,2018,21233548,
631,24.1485,1.73684,0.015936,-0.071876,-0.005563,0.242765,0.242852,0.207459,-0.072797,59.2911,2018,21233549,
632,24.1483,1.74238,0.015919,-1.3983,-0.005102,0.252162,0.28747,0.215828,-0.153699,61.4112,2018,21233550,
633,24.1487,1.74661,0.015929,-0.882521,-0.005455,0.040127,0.125154,0.032023,-0.05169,60.034,2018,21233551,
634,24.1489,1.75069,0.015918,-1.48795,-0.006119,-0.134548,0.209722,-0.119581,-0.040032,60.091,2018,21233552,
635,24.1485,1.75457,0.015952,-0.09349,-0.005911,0.211742,0.232139,0.180419,-0.115909,59.6237,2018,21233553,
636,24.1481,1.75924,0.015921,-0.251184,-0.005022,0.03639,0.298908,0.029003,-0.004164,61.1822,2018,21233554,
637,24.1485,1.7631,0.015945,-0.223896,-0.005465,-0.082683,0.139052,-0.074338,-0.064237,60.3216,2018,21233555,
638,24.1484,1.76818,0.015953,0.054858,-0.005629,0.084491,0.139124,0.070356,-0.157375,59.8372,2018,21233556,
639,24.1489,1.77248,0.015904,-0.919843,-0.00593,0.043737,0.147928,0.034912,-0.063512,58.951,2018,21233557,
640,24.1484,1.77641,0.015933,-0.751419,-0.005294,0.217458,0.263801,0.185677,-0.033709,59.1874,2018,21233558,
641,24.1487,1.78146,0.015934,-0.904838,-0.005119,0.260863,0.267544,0.223355,-0.079489,58.8881,2018,21233559,
642,24.1487,1.78631,0.015931,-0.256104,-0.005051,0.059419,0.24321,0.048933,-0.027887,60.0275,2018,21233560,
643,24.149,1.78993,0.015912,-1.0627,-0.005335,0.129637,0.279908,0.109601,-0.018864,59.8547,2018,21233561,
644,24.149,1.7941,0.015919,-0.965597,-0.005073,0.028093,0.206741,0.021793,-0.148001,60.2753,2018,21233562,
645,24.149,1.79894,0.015931,-0.851843,-0.005562,0.077183,0.274338,0.064061,-0.019978,59.4562,2018,21233563,
646,24.149,1.80313,0.015917,-0.580005,-0.005024,0.120692,0.2743,0.10201,-0.023521,60.0805,2018,21233564,
647,24.1488,1.80704,0.015899,-0.619848,-0.005357,-0.077993,0.321296,-0.070223,-0.031791,58.7176,2018,21233565,
648,24.1486,1.81235,0.015952,-0.266029,-0.005235,0.092744,0.135928,0.077701,-0.070979,60.8161,2018,21233566,
649,24.1493,1.81614,0.015914,-0.729251,-0.005658,0.13901,0.358049,0.117557,-0.032616,59.5148,2018,21233567,
650,24.1488,1.82065,0.015934,0.399459,-0.005465,-0.012725,0.223473,-0.013752,-0.020029,59.8731,2018,21233568,
651,24.149,1.82499,0.015922,-1.04726,-0.005421,-0.082973,0.333464,-0.074567,-0.039979,59.4837,2018,21233569,
652,24.1494,1.82907,0.015938,-1.01668,-0.006263,0.067676,0.159974,0.055478,-0.121514,61.1173,2018,21233570,
653,24.149,1.83372,0.015943,-0.572717,-0.004584,0.271364,0.281616,0.232717,-0.022202,59.6527,2018,21233571,
654,24.1489,1.83822,0.01593,-1.28717,-0.005062,-0.021564,0.247094,-0.021206,-0.057053,59.4978,2018,21233572,
655,24.1489,1.84321,0.015921,-0.744381,-0.005477,0.007645,0.211445,0.003883,-0.027345,60.968,2018,21233573,
656,24.1492,1.84789,0.015951,0.489614,-0.005465,0.124182,0.142091,0.104812,-0.040099,60.2951,2018,21233574,
657,24.1491,1.8512,0.015971,0.312368,-0.005298,-0.076599,0.119443,-0.068985,-0.053944,60.3268,2018,21233575,
658,24.149,1.8559,0.015941,0.139669,-0.005393,-0.099394,0.298389,-0.088775,-0.016406,59.4711,2018,21233576,
659,24.1441,1.86072,0.01592,-0.267125,-0.005014,0.224216,0.229721,0.19167,-0.052942,59.4279,2018,21233577,
660,24.1373,1.86442,0.015933,-1.41858,-0.005431,0.029269,0.267918,0.022632,-0.072974,59.1574,2018,21233578,
661,24.137,1.86895,0.015906,-1.74137,-0.005467,-0.07693,0.155676,-0.069357,-0.152189,60.2076,2018,21233579,
662,24.1372,1.87326,0.01595,-0.190572,-0.005358,0.06896,0.081105,0.057043,-0.404857,60.1122,2018,21233580,
663,24.1363,1.8423,0.015635,-1.28704,-0.005207,-0.005478,0.078461,-0.007348,-0.134318,59.0309,2018,21236404,
664,24.1369,1.84704,0.015618,-0.990172,-0.005346,-0.066442,0.111407,-0.060213,-0.056909,60.7431,2018,21236405,
665,24.1368,1.85116,0.015621,-0.380181,-0.004818,0.00798,0.243032,0.004502,-0.023612,60.1492,2018,21236406,
666,24.1367,1.85623,0.015605,-1.71423,-0.005226,-0.154206,0.230699,-0.136159,-0.076001,59.8687,2018,21236407,
667,24.137,1.86026,0.015608,-0.976286,-0.005956,0.008915,0.21218,0.004742,-0.038511,59.35,2018,21236408,
668,24.1366,1.86471,0.015619,-0.333148,-0.005038,-0.03424,0.300357,-0.032172,-0.017967,60.2673,2018,21236409,
669,24.1369,1.86902,0.015607,-0.901168,-0.005238,0.022205,0.242626,0.016611,-0.193951,61.3299,2018,21236410,
670,24.1366,1.87352,0.015608,-0.129091,-0.005029,-0.005783,0.226316,-0.007523,-0.110294,59.6757,2018,21236411,
671,24.1369,1.8785,0.015591,-0.026779,-0.005533,0.263344,0.263416,0.225296,-0.041495,59.7688,2018,21236412,
672,24.1366,1.88293,0.015628,-1.00412,-0.005134,0.118007,0.147394,0.09963,-0.0528,60.6047,2018,21236413,
673,24.137,1.88745,0.015594,0.084313,-0.005842,-0.04735,0.174433,-0.043927,-0.041845,60.5798,2018,21236414,
674,24.1363,1.89258,0.015607,-0.284512,-0.00504,0.215651,0.250088,0.184239,-0.056346,60.6048,2018,21236415,
675,24.1362,1.89673,0.015598,-0.594444,-0.004628,0.041298,0.187463,0.033451,-0.031868,60.4267,2018,21236416,
676,24.1367,1.90083,0.0156,0.052149,-0.006018,0.08037,0.273183,0.066593,-0.02413,59.4468,2018,21236417,
677,24.1365,1.90555,0.015618,0.337736,-0.005008,0.000622,0.198087,-0.001965,-0.058166,60.6971,2018,21236418,
678,24.1368,1.90992,0.015619,-1.1504,-0.005188,-0.058519,0.094176,-0.053273,-0.077535,59.1743,2018,21236419,
679,24.1366,1.91507,0.015637,-0.135606,-0.005505,0.048883,0.235066,0.039581,-0.026881,59.304,2018,21236420,
680,24.1367,1.9191,0.015606,-0.174789,-0.005458,0.120185,0.12055,0.101354,-0.124413,60.6208,2018,21236421,
681,24.1363,1.92308,0.015596,-0.763377,-0.005088,0.160561,0.213119,0.136506,-0.035539,60.6591,2018,21236422,
682,24.1361,1.92763,0.015636,-0.523514,-0.004806,-0.015,0.18643,-0.015394,-0.026331,60.6984,2018,21236423,
683,24.1366,1.9321,0.015596,-0.570374,-0.005445,0.003404,0.151381,0.000225,-0.112158,61.7543,2018,21236424,
684,33.6651,1.91106,0.015622,-1.00937,-0.006286,0.042267,0.271893,0.033461,-0.039328,59.7264,2018,21236425,
685,53.5269,1.9356,0.015645,-0.640451,-0.008845,0.222183,0.384536,0.187994,-0.028501,60.1188,2018,21236426,
686,53.2594,1.94061,0.015622,-1.38535,-0.007225,0.128022,0.476876,0.107258,-0.104705,59.5527,2018,21236427,
687,53.2632,1.94597,0.015622,-0.418317,-0.007203,0.330704,0.400301,0.282797,-0.070876,59.8535,2018,21236428,
688,53.2656,1.95027,0.015596,-0.411192,-0.007522,0.177222,0.223745,0.149718,-0.045905,59.8098,2018,21236429,
689,53.2666,1.95445,0.015605,0.581495,-0.007374,0.249979,0.680614,0.212801,-0.036273,59.891,2018,21236430,
690,53.2676,1.95922,0.015621,-1.34728,-0.0079,0.008669,0.256026,0.003558,-0.054207,60.2016,2018,21236431,
691,53.2683,1.96356,0.015619,-0.938341,-0.007296,0.025359,0.504136,0.018313,-0.0574,59.7878,2018,21236432,
692,53.2686,1.968,0.015614,-1.00354,-0.007322,-0.376906,0.581576,-0.330071,-0.030061,59.9512,2018,21236433,
693,53.2686,1.97243,0.015637,-0.791525,-0.007121,0.56147,0.596772,0.482687,-0.029904,60.1119,2018,21236434,
694,53.269,1.9769,0.015601,-0.726529,-0.007247,-0.050068,0.538088,-0.046984,-0.027508,59.5078,2018,21236435,
695,53.2697,1.98145,0.015604,-0.928796,-0.008152,0.193911,0.232306,0.163855,-0.211657,59.7263,2018,21236436,
696,53.2696,1.98606,0.015628,0.056861,-0.007991,-0.229623,0.742848,-0.202855,-0.0673,60.2984,2018,21236437,
697,53.2699,1.99041,0.015623,-1.23963,-0.008669,-0.285742,0.596867,-0.251795,-0.018064,59.5462,2018,21236438,
698,53.27,1.99496,0.015631,-1.50845,-0.007984,-0.228476,0.543526,-0.201858,-0.028873,60.1928,2018,21236439,
699,53.2698,1.99927,0.015605,-0.289546,-0.007844,-0.17674,0.406169,-0.156983,-0.018202,60.1898,2018,21236440,
700,53.2698,2.00361,0.015628,-1.53096,-0.007025,0.038035,0.40656,0.029426,-0.032302,60.4095,2018,21236441,
701,53.2703,2.00864,0.015638,-0.632337,-0.006998,0.198707,0.361326,0.168587,-0.083118,60.7134,2018,21236442,
702,53.2706,2.0126,0.015637,-0.597355,-0.008377,0.018609,0.559944,0.011927,-0.064973,59.4856,2018,21236443,
703,53.2707,2.01757,0.015602,-0.020286,-0.008645,0.172747,0.624608,0.145281,-0.013743,59.6786,2018,21236444,
704,53.2705,2.02175,0.015615,-1.0615,-0.007831,0.543676,0.619682,0.466922,-0.0194,60.2275,2018,21236445,
705,53.2708,2.02635,0.015589,0.348664,-0.008561,0.095151,0.211668,0.078122,-0.054373,59.5518,2018,21236446,
706,53.2704,2.03089,0.015613,-1.48565,-0.009249,-0.262932,0.264619,-0.23233,-0.146742,60.0039,2018,21236447,
707,53.2708,2.0353,0.015598,-1.42686,-0.008796,-0.42074,0.568569,-0.368769,-0.040155,59.8801,2018,21236448,
708,53.2707,2.03989,0.015622,-0.976241,-0.00713,0.433441,0.500496,0.371806,-0.039327,59.9531,2018,21236449,
709,53.2709,2.04443,0.015632,-0.315535,-0.006993,0.242435,0.64428,0.206458,-0.014385,59.6116,2018,21236450,
710,53.271,2.04881,0.015599,-0.543471,-0.008,-0.204991,0.394784,-0.181528,-0.027282,59.7363,2018,21236451,
711,53.2709,2.05336,0.015624,-1.06387,-0.007379,0.070495,0.474116,0.057361,-0.037479,59.8482,2018,21236452,
712,53.271,2.05793,0.015623,0.00205,-0.007124,-0.076422,0.152105,-0.069745,-0.063205,60.6356,2018,21236453,
713,53.2705,2.06213,0.015623,-0.584413,-0.006265,0.368832,0.44932,0.316286,-0.016266,60.8931,2018,21236454,
714,53.271,2.06658,0.015614,-0.016258,-0.006747,0.447395,0.513136,0.384082,-0.023023,60.9883,2018,21236455,
715,53.2713,2.071,0.01563,-0.178033,-0.007835,0.370954,0.37144,0.317338,-0.167635,60.0813,2018,21236456,
716,53.2716,2.07581,0.015587,-0.692584,-0.006935,0.176125,0.340781,0.149061,-0.055992,60.7895,2018,21236457,
717,53.2715,2.08016,0.01561,-1.86522,-0.007924,-0.501257,0.533638,-0.438063,-0.018325,60.7605,2018,21236458,
718,53.2716,2.08432,0.015608,0.323617,-0.006228,0.314905,0.744175,0.269601,-0.009992,59.6739,2018,21236459,
719,53.2716,2.0892,0.015635,-0.641818,-0.00706,0.016111,0.49708,0.010422,-0.037432,59.8326,2018,21236460,
720,53.2716,2.09364,0.015637,-0.558173,-0.006532,-0.032023,0.477475,-0.030999,-0.03996,60.0148,2018,21236461,
721,53.2714,2.09801,0.015596,-1.29721,-0.007991,-0.341825,0.566805,-0.300025,-0.02518,59.4935,2018,21236462,
722,53.2715,2.10278,0.015573,-0.872374,-0.008193,0.214751,0.470302,0.181883,-0.064611,58.4281,2018,21236463,
723,53.2718,2.10725,0.015593,-1.60585,-0.007704,-0.379735,0.412747,-0.332712,-0.028457,60.0878,2018,21236464,
724,53.2717,2.11153,0.015594,-0.915676,-0.008535,0.403052,0.483109,0.344785,-0.016098,59.2106,2018,21236465,
725,53.2715,2.11619,0.015632,-0.366671,-0.006987,0.369108,0.643623,0.316163,-0.021778,59.1934,2018,21236466,
726,53.2712,2.12081,0.015593,-0.756486,-0.008076,0.07337,0.437848,0.059502,-0.035012,60.1644,2018,21236467,
727,53.2718,2.12527,0.015604,0.291327,-0.008046,0.189313,0.61874,0.159927,-0.032398,60.0486,2018,21236468,
728,0.199773,3.09603,0.016208,-0.369042,-0.004606,-0.002566,0.005504,-0.004525,-0.829477,60.5877,2018,21414439,
729,0.200138,2.90581,0.016213,-0.748548,-0.004613,-0.003242,0.005712,-0.005114,-0.820525,58.9367,2018,21414440,
730,0.200071,2.68979,0.016199,-0.046433,-0.004607,0.001096,0.005708,-0.001355,-0.775734,60.1804,2018,21414441,
731,0.199387,-0.713626,0.016138,-0.948244,-0.00456,0.000182,0.005856,-0.002122,-0.802406,58.8495,2018,21417169,
732,0.198921,-0.711947,0.016118,0.199494,-0.004546,0.002723,0.005368,8.5e-05,-0.84084,58.9356,2018,21417170,
733,0.198966,-0.75008,0.016113,-0.254363,-0.004549,-0.001449,0.00584,-0.003529,-0.786647,60.9655,2018,21417171,
734,0.198791,-2.3252,0.016105,0.284476,-0.004544,-0.003842,0.006032,-0.005599,-0.697541,58.9295,2018,21417797,
735,0.198895,-2.49148,0.016102,-1.0444,-0.004548,-0.00257,0.00551,-0.0045,-0.730493,59.7799,2018,21417798,
736,0.199117,-2.61118,0.016107,-0.739925,-0.004553,-0.001678,0.005261,-0.00373,-0.779155,59.0601,2018,21417799,
737,0.198206,-2.63118,0.016034,0.138968,-0.004499,-0.00068,0.005902,-0.002838,-0.692714,59.7876,2018,21420104,
738,0.198503,-2.63317,0.016069,-0.292212,-0.004535,-0.000361,0.005377,-0.00258,-0.786618,60.2221,2018,21420105,
739,0.197896,0.082119,0.01603,-0.539802,-0.004493,0.000175,0.005544,-0.002095,-0.746587,61.9402,2018,21420974,
740,0.19824,0.058907,0.016018,-0.99007,-0.004496,-0.000242,0.005835,-0.002458,-0.741005,60.7419,2018,21420975,
741,0.197579,-0.312889,0.016001,-1.38003,-0.004486,0.003173,0.005533,0.000505,-0.835933,59.6742,2018,21421880,
742,0.19766,-2.174,0.015996,-1.0226,-0.004481,-0.004156,0.006134,-0.00584,-0.706102,59.3445,2018,21421983,
743,0.197755,-2.06257,0.016026,0.02114,-0.004494,-0.002515,0.005223,-0.004425,-0.804112,59.2082,2018,21421984,
744,0.197678,0.761964,0.016014,-1.41407,-0.004488,0.001369,0.005413,-0.001059,-0.746751,59.7798,2018,21422104,
745,0.19801,0.829568,0.016039,-0.873268,-0.004503,0.004286,0.006224,0.001461,-0.700909,60.0323,2018,21422105,
746,0.197931,1.32753,0.016038,-0.54039,-0.004505,0.000341,0.005539,-0.001957,-0.802091,59.6941,2018,21422276,
747,0.197366,-0.844876,0.015987,-0.184376,-0.004472,-0.000199,0.005363,-0.002409,-0.755016,60.8653,2018,21422408,
748,0.197332,-0.838679,0.015984,-1.29674,-0.004481,0.003744,0.00589,0.001002,-0.831495,59.4321,2018,21422409,
749,0.213206,2.87307,0.017409,-1.13696,-0.005381,-0.003772,0.006641,-0.005957,-0.817141,59.9441,2018,21477369,
750,0.213171,-0.286531,0.017456,-1.14009,-0.0054,0.003926,0.006842,0.0007,-0.718824,59.8069,2018,21478763,
751,0.213006,-0.124378,0.017408,-1.04496,-0.005374,0.005058,0.007436,0.001694,-0.781271,59.4317,2018,21478764,
752,0.213012,0.037956,0.017408,-0.396225,-0.005377,0.001415,0.007406,-0.001463,-0.777979,58.798,2018,21478765,
753,0.212977,0.748992,0.017417,-0.366268,-0.005382,0.002088,0.006805,-0.000882,-0.807718,61.23,2018,21478887,
754,0.21309,0.963337,0.017438,-0.901531,-0.005398,0.002547,0.007125,-0.000494,-0.755869,60.7275,2018,21478888,
755,0.21332,-2.57515,0.017422,-0.778893,-0.005388,0.000437,0.006224,-0.002315,-0.81755,60.5612,2018,21479188,
756,0.213133,-2.39214,0.01741,-0.155393,-0.005377,-0.002201,0.006274,-0.004595,-0.81227,59.945,2018,21479189,
757,0.213563,0.47657,0.017457,-1.11283,-0.0054,0.001533,0.007444,-0.001373,-0.779779,58.5711,2018,21479277,
758,0.213022,0.652462,0.01743,-1.19885,-0.005385,0.003958,0.006762,0.000735,-0.778364,58.8276,2018,21479278,
759,0.213427,0.855499,0.017448,-1.79795,-0.005403,0.001651,0.006628,-0.001272,-0.806478,59.3033,2018,21479279,
760,0.20733,-0.18106,0.01691,-0.195667,-0.005043,0.000661,0.005945,-0.001948,-0.78299,60.4449,2018,21486079,
761,0.207378,-0.174525,0.016887,-1.11926,-0.005034,0.00362,0.006367,0.000618,-0.769516,61.0025,2018,21486080,
762,0.207489,-0.171552,0.016897,-0.932027,-0.005038,0.002742,0.005829,-0.000145,-0.821414,59.708,2018,21486081,
763,0.203394,-1.09775,0.01651,-0.756772,-0.004797,0.000718,0.005779,-0.001777,-0.792337,60.5797,2018,21826058,
764,0.203193,-0.986437,0.016469,-1.1382,-0.004776,0.000999,0.006424,-0.001523,-0.73685,59.3899,2018,21826059,
765,0.203403,-0.873912,0.01651,-0.34713,-0.004788,-0.000213,0.005579,-0.002578,-0.808194,59.1517,2018,21826060,
766,0.203761,-0.740106,0.016528,-1.06677,-0.0048,0.002511,0.005866,-0.000225,-0.771861,61.835,2018,21826061,
767,0.203469,-0.636576,0.016499,-0.355825,-0.004796,0.002039,0.005373,-0.000632,-0.784687,59.9264,2018,21826062,
768,0.20337,-0.484387,0.016478,-1.34563,-0.004779,0.000921,0.00548,-0.001592,-0.762364,59.5607,2018,21826063,
